-- MySQL dump 10.13  Distrib 5.5.62, for Win64 (AMD64)
--
-- Host: localhost    Database: hackathon_hk_2020
-- ------------------------------------------------------
-- Server version	5.5.5-10.4.11-MariaDB

/*!40101 SET @OLD_CHARACTER_SET_CLIENT=@@CHARACTER_SET_CLIENT */;
/*!40101 SET @OLD_CHARACTER_SET_RESULTS=@@CHARACTER_SET_RESULTS */;
/*!40101 SET @OLD_COLLATION_CONNECTION=@@COLLATION_CONNECTION */;
/*!40101 SET NAMES utf8 */;
/*!40103 SET @OLD_TIME_ZONE=@@TIME_ZONE */;
/*!40103 SET TIME_ZONE='+00:00' */;
/*!40014 SET @OLD_UNIQUE_CHECKS=@@UNIQUE_CHECKS, UNIQUE_CHECKS=0 */;
/*!40014 SET @OLD_FOREIGN_KEY_CHECKS=@@FOREIGN_KEY_CHECKS, FOREIGN_KEY_CHECKS=0 */;
/*!40101 SET @OLD_SQL_MODE=@@SQL_MODE, SQL_MODE='NO_AUTO_VALUE_ON_ZERO' */;
/*!40111 SET @OLD_SQL_NOTES=@@SQL_NOTES, SQL_NOTES=0 */;

--
-- Table structure for table `category`
--

DROP TABLE IF EXISTS `category`;
/*!40101 SET @saved_cs_client     = @@character_set_client */;
/*!40101 SET character_set_client = utf8 */;
CREATE TABLE `category` (
  `id` int(11) NOT NULL AUTO_INCREMENT,
  `name` varchar(255) DEFAULT NULL,
  PRIMARY KEY (`id`),
  UNIQUE KEY `id` (`id`)
) ENGINE=InnoDB AUTO_INCREMENT=8 DEFAULT CHARSET=utf8;
/*!40101 SET character_set_client = @saved_cs_client */;

--
-- Dumping data for table `category`
--

LOCK TABLES `category` WRITE;
/*!40000 ALTER TABLE `category` DISABLE KEYS */;
INSERT INTO `category` VALUES (1,'Majetkoprávní'),(2,'Zdravotnictví'),(3,'Životní prostředí'),(4,'Ostatní'),(5,'Nabídka nepotřebného majetku pro PO'),(6,'Volná místa KÚ'),(7,'Ostatní volná místa');
/*!40000 ALTER TABLE `category` ENABLE KEYS */;
UNLOCK TABLES;

--
-- Table structure for table `domain`
--

DROP TABLE IF EXISTS `domain`;
/*!40101 SET @saved_cs_client     = @@character_set_client */;
/*!40101 SET character_set_client = utf8 */;
CREATE TABLE `domain` (
  `id` int(11) NOT NULL AUTO_INCREMENT,
  `name` varchar(255) DEFAULT NULL,
  PRIMARY KEY (`id`),
  UNIQUE KEY `id` (`id`)
) ENGINE=InnoDB AUTO_INCREMENT=8 DEFAULT CHARSET=utf8;
/*!40101 SET character_set_client = @saved_cs_client */;

--
-- Dumping data for table `domain`
--

LOCK TABLES `domain` WRITE;
/*!40000 ALTER TABLE `domain` DISABLE KEYS */;
INSERT INTO `domain` VALUES (1,'Majetkoprávní'),(2,'Zdravotnictví'),(3,'Životní prostředí'),(4,'Ostatní'),(5,'Nabídka nepotřebného majetku pro PO'),(6,'Volná místa KÚ'),(7,'Ostatní volná místa');
/*!40000 ALTER TABLE `domain` ENABLE KEYS */;
UNLOCK TABLES;

--
-- Table structure for table `instance`
--

DROP TABLE IF EXISTS `instance`;
/*!40101 SET @saved_cs_client     = @@character_set_client */;
/*!40101 SET character_set_client = utf8 */;
CREATE TABLE `instance` (
  `id` int(11) NOT NULL AUTO_INCREMENT,
  `message_id` int(11) DEFAULT NULL,
  `title` varchar(255) DEFAULT NULL,
  `attachment_url` varchar(255) DEFAULT NULL,
  `attachment_filename` varchar(255) DEFAULT NULL,
  PRIMARY KEY (`id`),
  UNIQUE KEY `id` (`id`),
  KEY `message_id` (`message_id`),
  CONSTRAINT `instance_ibfk_1` FOREIGN KEY (`message_id`) REFERENCES `message` (`id`)
) ENGINE=InnoDB AUTO_INCREMENT=192 DEFAULT CHARSET=utf8;
/*!40101 SET character_set_client = @saved_cs_client */;

--
-- Dumping data for table `instance`
--

LOCK TABLES `instance` WRITE;
/*!40000 ALTER TABLE `instance` DISABLE KEYS */;
INSERT INTO `instance` VALUES (1,1,'Záměr č. 27/2020 - prodej nemovitých věcí Královéhradeckého kraje','http://www.kr-kralovehradecky.cz/assets/krajsky-urad/uredni-deska/majetek/Zamer-27.pdf','Zamer-27.pdf'),(2,2,'Záměr č. 35/2020 - prodat nemovitost v k.ú. Nový Bydžov','http://www.kr-kralovehradecky.cz/assets/krajsky-urad/uredni-deska/majetek/zamer-c--35_3.pdf','zamer-c--35_3.pdf'),(3,3,'Záměr č. 63/2020 - prodat nemovitosti v k.ú. Nové Město nad Metují','http://www.kr-kralovehradecky.cz/assets/krajsky-urad/uredni-deska/majetek/zamer--63.pdf','zamer--63.pdf'),(4,4,'Záměr č. 78/2020 - směnit nemovitosti v k.ú. Kvasiny','http://www.kr-kralovehradecky.cz/assets/krajsky-urad/uredni-deska/majetek/zamer-c--78_2.pdf','zamer-c--78_2.pdf'),(5,5,'Záměr č. 77/2020 - směnit nemovitosti v k.ú. Kvasiny','http://www.kr-kralovehradecky.cz/assets/krajsky-urad/uredni-deska/majetek/zamer-c--77_2.pdf','zamer-c--77_2.pdf'),(6,6,'Záměr č. 76/2020 - darovat nemovitosti v k.ú. Krčín a v k.ú. Spy','http://www.kr-kralovehradecky.cz/assets/krajsky-urad/uredni-deska/majetek/zamer-c--76_3.pdf','zamer-c--76_3.pdf'),(7,7,'Záměr č. 75/2020 - směnit a prodat nemovitosti v k.ú. Opočno pod Orlickými horami','http://www.kr-kralovehradecky.cz/assets/krajsky-urad/uredni-deska/majetek/zamer-c--75_2.pdf','zamer-c--75_2.pdf'),(8,8,'Záměr č. 84/2020 - darovat pozemek v k.ú. Nemyčeves','http://www.kr-kralovehradecky.cz/assets/krajsky-urad/uredni-deska/majetek/Zamer-c--84.pdf','Zamer-c--84.pdf'),(9,9,'Záměr č. 85/2020 - směnit pozemek v k.ú. Potštejn','http://www.kr-kralovehradecky.cz/assets/krajsky-urad/uredni-deska/majetek/zamer-c--85_1.pdf','zamer-c--85_1.pdf'),(10,10,'Záměr č. 62/2020 - prodat nemovitosti v k.ú. Červený Kostelec','http://www.kr-kralovehradecky.cz/assets/krajsky-urad/uredni-deska/majetek/zamer-62_3.pdf','zamer-62_3.pdf'),(11,11,'Záměr č. 81/2019 - prodat nebo pronajmout nemovitosti v k.ú. Skřivany','http://www.kr-kralovehradecky.cz/assets/krajsky-urad/uredni-deska/majetek/zamer-c--81_1.pdf','zamer-c--81_1.pdf'),(12,12,'Záměr č. 40/2020 - záměr snížit nájemné společnosti Pultar a partneři a prominout nájemné spol. Centrum pro integraci osob se zdrav. postižením KHK','http://www.kr-kralovehradecky.cz/assets/krajsky-urad/uredni-deska/majetek/zamer-c--40_3.pdf','zamer-c--40_3.pdf'),(13,13,'Záměr č. 79/2020 - darovat nemovitosti v k.ú. Kvasiny','http://www.kr-kralovehradecky.cz/assets/krajsky-urad/uredni-deska/majetek/zamer-79_2.pdf','zamer-79_2.pdf'),(14,14,'Záměr č. 80/2020 - darovat nemovitosti v k.ú Záhornice','http://www.kr-kralovehradecky.cz/assets/krajsky-urad/uredni-deska/majetek/zamer-80_1.pdf','zamer-80_1.pdf'),(15,15,'Záměr č. 82/2020 - pronajmout nemovitosti v k.ú. Hronov','http://www.kr-kralovehradecky.cz/assets/krajsky-urad/uredni-deska/majetek/zamer-c--82_3.pdf','zamer-c--82_3.pdf'),(16,16,'Záměr č. 83/2020 - darovat pozemek v k.ú. Hořice v Podkrkonoší','http://www.kr-kralovehradecky.cz/assets/krajsky-urad/uredni-deska/majetek/zamer-c--83_1.pdf','zamer-c--83_1.pdf'),(17,17,'Záměr č. 86/2020 - pronajmout nemovitosti v k.ú. Plotiště nad Labem','http://www.kr-kralovehradecky.cz/assets/krajsky-urad/uredni-deska/majetek/zamer-c--86.pdf','zamer-c--86.pdf'),(18,20,'Oznámení o vyhlášení výběrového řízení před uzavřením smlouvy o poskytování a úhradě hrazených služeb v oboru: zubní lékařství TU','http://www.kr-kralovehradecky.cz/assets/krajsky-urad/uredni-deska/zdravotnictvi/vyhlasena-rizeni/zubni-lekarstvi.pdf','zubni-lekarstvi.pdf'),(19,21,'Oznámení o vyhlášení výběrového řízení před uzavřením smlouvy o poskytování a úhradě hrazených služeb v oboru: praktické lékařství pro děti a dorost','http://www.kr-kralovehradecky.cz/assets/krajsky-urad/uredni-deska/zdravotnictvi/vyhlasena-rizeni/VR---PLDD-HK---Nechanice.pdf','VR---PLDD-HK---Nechanice.pdf'),(20,22,'Oznámení o vyhlášení výběrového řízení před uzavřením smlouvy o poskytování a úhradě hrazených služeb v oboru: praktické lékařství pro děti a dorost','http://www.kr-kralovehradecky.cz/assets/krajsky-urad/uredni-deska/zdravotnictvi/vyhlasena-rizeni/VR---vseobecne-prakticke-lekarstvi.pdf','VR---vseobecne-prakticke-lekarstvi.pdf'),(21,23,'Oznámení o vyhlášení výběrového řízení před uzavřením smlouvy o poskytování a úhradě hrazených služeb v oboru: klinický logoped NA','http://www.kr-kralovehradecky.cz/assets/krajsky-urad/uredni-deska/zdravotnictvi/vyhlasena-rizeni/klinicky-logoped.pdf','klinicky-logoped.pdf'),(22,24,'Oznámení o vyhlášení výběrového řízení před uzavřením smlouvy o poskytování a úhradě hrazených služeb v oboru: gynekologie a porodnictví, NA','http://www.kr-kralovehradecky.cz/assets/krajsky-urad/uredni-deska/zdravotnictvi/vyhlasena-rizeni/VR---gynekologie-a-porodnictvi-NA.pdf','VR---gynekologie-a-porodnictvi-NA.pdf'),(23,25,'Oznámení o vyhlášení výběrového řízení před uzavřením smlouvy o poskytování a úhradě hrazených služeb v oboru: všeobecné praktické lékařství, JC','http://www.kr-kralovehradecky.cz/assets/krajsky-urad/uredni-deska/zdravotnictvi/vyhlasena-rizeni/VR---vseobecne-prakticke-lekarstvi--JC.pdf','VR---vseobecne-prakticke-lekarstvi--JC.pdf'),(24,26,'Oznámení o vyhlášení výběrového řízení před uzavřením smlouvy o poskytování a úhradě hrazených služeb v oboru: všeobecné praktické lékařství, JC','http://www.kr-kralovehradecky.cz/assets/krajsky-urad/uredni-deska/zdravotnictvi/vyhlasena-rizeni/VR----vseobecne-prakticke-lekarstvi-JC-2021.pdf','VR----vseobecne-prakticke-lekarstvi-JC-2021.pdf'),(25,27,'Oznámení o vyhlášení výběrového řízení před uzavřením smlouvy o poskytování a úhradě hrazených služeb v oboru: kardiologie, HK','http://www.kr-kralovehradecky.cz/assets/krajsky-urad/uredni-deska/zdravotnictvi/vyhlasena-rizeni/VR---kardiologie.pdf','VR---kardiologie.pdf'),(26,28,'Oznámení o vyhlášení výběrového řízení před uzavřením smlouvy o poskytování a úhradě hrazených služeb v oboru: chirurgie, RK','http://www.kr-kralovehradecky.cz/assets/krajsky-urad/uredni-deska/zdravotnictvi/vyhlasena-rizeni/VR---chirurgie-RK.pdf','VR---chirurgie-RK.pdf'),(27,29,'Výsledky výběrového řízení ze dne 26.2.2020','http://www.kr-kralovehradecky.cz/assets/krajsky-urad/uredni-deska/zdravotnictvi/vysledky/vysledky-VR_1.pdf','vysledky-VR_1.pdf'),(28,30,'Výsledky výběrového řízení ze dne 14.5.2020','http://www.kr-kralovehradecky.cz/assets/krajsky-urad/uredni-deska/zdravotnictvi/vysledky/vysledky-VR_2.pdf','vysledky-VR_2.pdf'),(29,31,'Výsledky výběrového řízení ze dne 2.10.2019','http://www.kr-kralovehradecky.cz/assets/krajsky-urad/uredni-deska/zdravotnictvi/vysledky/Vysledky-vyberoveho-rizeni.pdf','Vysledky-vyberoveho-rizeni.pdf'),(30,32,'Výsledky výběrového řízení ze dne 11.11.2019','http://www.kr-kralovehradecky.cz/assets/krajsky-urad/uredni-deska/zdravotnictvi/vysledky/vysledky-VR.pdf','vysledky-VR.pdf'),(31,33,'Výsledky výběrového řízení ze dne 11.12.2019','http://www.kr-kralovehradecky.cz/assets/krajsky-urad/uredni-deska/zdravotnictvi/vysledky/Vysledky-VR_8.pdf','Vysledky-VR_8.pdf'),(32,34,'Výsledky výběrového řízení ze dne 17.06.2020','http://www.kr-kralovehradecky.cz/assets/krajsky-urad/uredni-deska/zdravotnictvi/vysledky/Vysledky-VR.pdf','Vysledky-VR.pdf'),(33,35,'Výsledky výběrového řízení ze dne 1.7.2020','http://www.kr-kralovehradecky.cz/assets/krajsky-urad/uredni-deska/zdravotnictvi/vysledky/Vysledky-VR_2.pdf','Vysledky-VR_2.pdf'),(34,36,'Výsledky výběrového řízení ze dne 16.9.2020','http://www.kr-kralovehradecky.cz/assets/krajsky-urad/uredni-deska/zdravotnictvi/vysledky/Vysledky-VR_3.pdf','Vysledky-VR_3.pdf'),(35,37,'Závěr zjišťovacího řízení k záměru I/36 Holice - Čestice','http://www.kr-kralovehradecky.cz/assets/krajsky-urad/uredni-deska/zivotni-prostredi/zaver-zjistovaciho-zarizeni---Holice---Cestice.pdf','zaver-zjistovaciho-zarizeni---Holice---Cestice.pdf'),(36,38,'Veřejná vyhláška - rozhodnutí - záměr Biometanová stanice Králíky III','http://www.kr-kralovehradecky.cz/assets/krajsky-urad/uredni-deska/zivotni-prostredi/Rozhodnuti---zamer-Biometanova-stanice-Kraliky.pdf','Rozhodnuti---zamer-Biometanova-stanice-Kraliky.pdf'),(37,39,'Veřejná vyhláška - návrh opatření obecné povahy - vodní tok Bělá, k.ú. Jedlová v O.h.','http://www.kr-kralovehradecky.cz/assets/krajsky-urad/uredni-deska/zivotni-prostredi/navrh-opatreni-obecne-povahy---vodnik-tok-Bela.pdf','navrh-opatreni-obecne-povahy---vodnik-tok-Bela.pdf'),(38,39,'Příloha 1','http://www.kr-kralovehradecky.cz/assets/krajsky-urad/uredni-deska/zivotni-prostredi/Priloha-1_3.pdf','Priloha-1_3.pdf'),(39,39,'Příloha 2','http://www.kr-kralovehradecky.cz/assets/krajsky-urad/uredni-deska/zivotni-prostredi/Priloha-2_3.pdf','Priloha-2_3.pdf'),(40,40,'Informace o oznámení záměru_Komerční zóna Hradubická II, Obchodní centrum III. a IV.','http://www.kr-kralovehradecky.cz/assets/krajsky-urad/uredni-deska/zivotni-prostredi/Komercni-zona.pdf','Komercni-zona.pdf'),(41,41,'Příloha 1','http://www.kr-kralovehradecky.cz/assets/krajsky-urad/uredni-deska/zivotni-prostredi/Priloha-1_2.pdf','Priloha-1_2.pdf'),(42,41,'Příloha 2','http://www.kr-kralovehradecky.cz/assets/krajsky-urad/uredni-deska/zivotni-prostredi/Priloha-2_2.pdf','Priloha-2_2.pdf'),(43,41,'Zveřejnění informace o změně integrovaného povolení pro zařízení Teplárna Náchod','http://www.kr-kralovehradecky.cz/assets/krajsky-urad/uredni-deska/zivotni-prostredi/Teplarna--Nachod.pdf','Teplarna--Nachod.pdf'),(44,42,'Zveřejnění informace o vydání změny integrovaného povolení - Zařízení intenzivního chovu drůbeže Svinišťany','http://www.kr-kralovehradecky.cz/assets/krajsky-urad/uredni-deska/zivotni-prostredi/zmena-IP---chov-drubeze-Svinistany.pdf','zmena-IP---chov-drubeze-Svinistany.pdf'),(45,43,'Zveřejnění informace o vydání změny integrovaného povolení - Zařízení k odstraňování tekutých odpadů Hradec Králové - Třebeš','http://www.kr-kralovehradecky.cz/assets/krajsky-urad/uredni-deska/zivotni-prostredi/zmena-IP---Hradec-Kralove---Trebes.pdf','zmena-IP---Hradec-Kralove---Trebes.pdf'),(46,43,'Příloha 1','http://www.kr-kralovehradecky.cz/assets/krajsky-urad/uredni-deska/zivotni-prostredi/Priloha-1_1.pdf','Priloha-1_1.pdf'),(47,43,'Příloha 2','http://www.kr-kralovehradecky.cz/assets/krajsky-urad/uredni-deska/zivotni-prostredi/Priloha-2_1.pdf','Priloha-2_1.pdf'),(48,44,'Informace o oznámení záměru Shopping park Nová Zelená a veřejný park Kukleny','http://www.kr-kralovehradecky.cz/assets/krajsky-urad/uredni-deska/zivotni-prostredi/Informace----verejny-park-Kukleny.pdf','Informace----verejny-park-Kukleny.pdf'),(49,45,'Zveřejnění informace o vydání změny integrovaného povolení - Zařízení intenzivního chovu prasat Vršce','http://www.kr-kralovehradecky.cz/assets/krajsky-urad/uredni-deska/zivotni-prostredi/Informace---zmena-IP---chov-prasat-Vrsce.pdf','Informace---zmena-IP---chov-prasat-Vrsce.pdf'),(50,46,'Veřejná vyhláška - rozhodnutí o žádosti Univerzity Hradec Králové','http://www.kr-kralovehradecky.cz/assets/krajsky-urad/uredni-deska/zivotni-prostredi/rozhodnuti.pdf','rozhodnuti.pdf'),(51,47,'Informace pro občany týkající se podávání stížností proti postupu poskytovatelů při poskytování zdravotních služeb','http://www.kr-kralovehradecky.cz/assets/krajsky-urad/uredni-deska/ostatni/stiznosti---uredni-deska.doc','stiznosti---uredni-deska.doc'),(52,48,'Informační dopis pacientům','http://www.kr-kralovehradecky.cz/assets/krajsky-urad/zdravotnictvi/informace-lekarnam/rychla-vystraha/Informacni-dopis-pacientum-str--1.pdf','Informacni-dopis-pacientum-str--1.pdf'),(53,48,'Informace ke stahování přípravku NOVOMIX pro pacienty','http://www.kr-kralovehradecky.cz/assets/krajsky-urad/zdravotnictvi/informace-lekarnam/rychla-vystraha/Informace-pro-pacienty.pdf','Informace-pro-pacienty.pdf'),(54,49,'Energetická politika Královéhradeckého kraje','http://www.kr-kralovehradecky.cz/assets/rozvoj-kraje/energetika/podepsana_energeticka_politika.pdf','podepsana_energeticka_politika.pdf'),(55,49,'Certifikát ISO 50001','http://www.kr-kralovehradecky.cz/assets/krajsky-urad/uredni-deska/ostatni/certifikat.pdf','certifikat.pdf'),(56,50,'Zápis o výsledku voleb do zastupitelstva kraje','http://www.kr-kralovehradecky.cz/assets/krajsky-urad/uredni-deska/ostatni/Zapis-o-vysledku-voleb-do-Zastupitelstva-Kralovehradeckeho-kraje-2016.pdf','Zapis-o-vysledku-voleb-do-Zastupitelstva-Kralovehradeckeho-kraje-2016.pdf'),(57,51,'Nařízení státní veterinární správy - mimořádná veterinární opatření - aviární influenza','http://www.kr-kralovehradecky.cz/assets/krajsky-urad/uredni-deska/ostatni/Narizenistatni-veterinarni-spravy--mimoradna-veterinarni-opatreni.pdf','Narizenistatni-veterinarni-spravy--mimoradna-veterinarni-opatreni.pdf'),(58,51,'Sčítací list 1','http://www.kr-kralovehradecky.cz/assets/krajsky-urad/uredni-deska/ostatni/Scitaci-list1.doc','Scitaci-list1.doc'),(59,51,'Sčítací list 2','http://www.kr-kralovehradecky.cz/assets/krajsky-urad/uredni-deska/ostatni/Scitaci-list2.doc','Scitaci-list2.doc'),(60,51,'Mapa','http://www.kr-kralovehradecky.cz/assets/krajsky-urad/uredni-deska/ostatni/Mapa.png','Mapa.png'),(61,52,'Opravné rozhodnutí Úřadu pro civilní letectví','http://www.kr-kralovehradecky.cz/assets/krajsky-urad/uredni-deska/ostatni/Opravne-rozhodnuti.pdf','Opravne-rozhodnuti.pdf'),(62,53,'Veřejná vyhláška - přechodná úprava provozu na silnici I/11 v Chlumci nad Cidlinou','http://www.kr-kralovehradecky.cz/assets/krajsky-urad/uredni-deska/ostatni/prechodna-uprava-provozu-v-Chlumci-nad-Cidlinou.pdf','prechodna-uprava-provozu-v-Chlumci-nad-Cidlinou.pdf'),(63,53,'Příloha','http://www.kr-kralovehradecky.cz/assets/krajsky-urad/uredni-deska/ostatni/Priloha---Chlumec.pdf','Priloha---Chlumec.pdf'),(64,54,'Rozhodnutí o registraci kandidátní listiny politické strany ROZUMNÍ - Petr Hannig - za spravedlnost a životní jistoty','http://www.kr-kralovehradecky.cz/assets/krajsky-urad/uredni-deska/ostatni/Rozhodnuti-o-registraci---ROZUMNI.pdf','Rozhodnuti-o-registraci---ROZUMNI.pdf'),(65,54,'Rozhodnutí o registraci kandidátní listiny politického hnutí Svoboda a přímá demokracie','http://www.kr-kralovehradecky.cz/assets/krajsky-urad/uredni-deska/ostatni/Rozhodnuti-o-registraci-KL---Svoboda-a-prima-demokracie.pdf','Rozhodnuti-o-registraci-KL---Svoboda-a-prima-demokracie.pdf'),(66,54,'Rozhodnutí o registraci kandidátní listiny politické strany Volte Pravý Blok www.cibulka.net','http://www.kr-kralovehradecky.cz/assets/krajsky-urad/uredni-deska/ostatni/Rozhodnuti-o-registraci-KL---Volte-pravy-bok.pdf','Rozhodnuti-o-registraci-KL---Volte-pravy-bok.pdf'),(67,54,'Rozhodnutí o registraci kandidátní listiny politické strany Komunistická strana Čech a Moravy','http://www.kr-kralovehradecky.cz/assets/krajsky-urad/uredni-deska/ostatni/Rozhodnuti-o-registraci-KL---KSCM.pdf','Rozhodnuti-o-registraci-KL---KSCM.pdf'),(68,54,'Rozhodnutí o registraci kandidátní listiny koalice Občanská demokratická strana + STAROSTOVÉ A NEZÁVÍSLÍ A VÝCHODOČEŠI','http://www.kr-kralovehradecky.cz/assets/krajsky-urad/uredni-deska/ostatni/Rozhodnuti-o-registraci-KL---ODS--Starostove-a-nezavisli-a-vychodocesi.pdf','Rozhodnuti-o-registraci-KL---ODS--Starostove-a-nezavisli-a-vychodocesi.pdf'),(69,54,'Rozhodnutí o registraci kandidátní listiny politického hnutí ANO 2011','http://www.kr-kralovehradecky.cz/assets/krajsky-urad/uredni-deska/ostatni/Rozhodnuti-o-registraci-KL---ANO-2011.pdf','Rozhodnuti-o-registraci-KL---ANO-2011.pdf'),(70,54,'Rozhodnutí o registraci kandidátní listiny koalice SPOLU PRO KRAJ - Osobnosti kraje, ČSSD a Zelení','http://www.kr-kralovehradecky.cz/assets/krajsky-urad/uredni-deska/ostatni/Rozhodnuti-o-registraci-KL---SPOLU-PRO--KRAJ.pdf','Rozhodnuti-o-registraci-KL---SPOLU-PRO--KRAJ.pdf'),(71,54,'Rozhodnutí o registraci kandidátní listiny koalice Koalice pro Královéhradecký kraj - KDU-ČSL - VPM - Nestraníci','http://www.kr-kralovehradecky.cz/assets/krajsky-urad/uredni-deska/ostatni/Rozhodnuti-o-registraci-KL---Koalice-pro-KHK.pdf','Rozhodnuti-o-registraci-KL---Koalice-pro-KHK.pdf'),(72,54,'Rozhodnutí o registraci kandidátní listiny politické strany Česká pirátská strana','http://www.kr-kralovehradecky.cz/assets/krajsky-urad/uredni-deska/ostatni/Rozhodnuti-o-registraci-KL---Ceska-piratska-strana.pdf','Rozhodnuti-o-registraci-KL---Ceska-piratska-strana.pdf'),(73,54,'Rozhodnutí o registraci kandidátní listiny politické strany Demokratická strana zelených - ZA PRÁVA ZVÍŘAT','http://www.kr-kralovehradecky.cz/assets/krajsky-urad/uredni-deska/ostatni/Rozhodnuti-o-registraci-KL---DSZ---za-prava-zvirat.pdf','Rozhodnuti-o-registraci-KL---DSZ---za-prava-zvirat.pdf'),(74,54,'Rozhodnutí o registraci kandidátní listiny koalice Spojenci pro Královéhradecký kraj','http://www.kr-kralovehradecky.cz/assets/krajsky-urad/uredni-deska/ostatni/Rozhodnuti-o-registraci-KL---Spojenci-pro-KHK.pdf','Rozhodnuti-o-registraci-KL---Spojenci-pro-KHK.pdf'),(75,54,'Rozhodnutí o registraci kandidátní listiny politického hnutí Trikolóra hnutí občanů','http://www.kr-kralovehradecky.cz/assets/krajsky-urad/uredni-deska/ostatni/Rozhodnuti-o-registraci-KL---Trikolora-hnuti-obcanu.pdf','Rozhodnuti-o-registraci-KL---Trikolora-hnuti-obcanu.pdf'),(76,55,'Rozhodnutí o odmítnutí kandidátní listiny politické strany Moravská a Slezská pirátská strana','http://www.kr-kralovehradecky.cz/assets/krajsky-urad/uredni-deska/ostatni/Rozhodnuti-o-odmitnuti---Moravska-a-Slezska-piratska-strana.pdf','Rozhodnuti-o-odmitnuti---Moravska-a-Slezska-piratska-strana.pdf'),(77,56,'Veřejná vyhláška - opatření obecné povahy - Ochranné pásmo heliportu HEMS Hradec Králové','http://www.kr-kralovehradecky.cz/assets/krajsky-urad/uredni-deska/ostatni/Verejna-vyhlaska.pdf','Verejna-vyhlaska.pdf'),(78,56,'Příloha 1','http://www.kr-kralovehradecky.cz/assets/krajsky-urad/uredni-deska/ostatni/Priloha-1_7.pdf','Priloha-1_7.pdf'),(79,56,'Příloha 2','http://www.kr-kralovehradecky.cz/assets/krajsky-urad/uredni-deska/ostatni/Priloha-2_6.pdf','Priloha-2_6.pdf'),(80,56,'Příloha 3','http://www.kr-kralovehradecky.cz/assets/krajsky-urad/uredni-deska/ostatni/Priloha-3_3.pdf','Priloha-3_3.pdf'),(81,57,'Veřejná vyhláška - přechodná úprava provozu na silnici I/35 při obci Hořice','http://www.kr-kralovehradecky.cz/assets/krajsky-urad/uredni-deska/zivotni-prostredi/prechodna-uprava-provozu---Horice.pdf','prechodna-uprava-provozu---Horice.pdf'),(82,57,'Příloha 1','http://www.kr-kralovehradecky.cz/assets/krajsky-urad/uredni-deska/zivotni-prostredi/Priloha-1_4.pdf','Priloha-1_4.pdf'),(83,57,'Příloha 2','http://www.kr-kralovehradecky.cz/assets/krajsky-urad/uredni-deska/zivotni-prostredi/Priloha-2_4.pdf','Priloha-2_4.pdf'),(84,57,'Příloha 3','http://www.kr-kralovehradecky.cz/assets/krajsky-urad/uredni-deska/zivotni-prostredi/Priloha-3.pdf','Priloha-3.pdf'),(85,58,'Veřejná vyhláška - sdělení o možnosti vyjádřit se k podkladům pro rozhodnutí ','http://www.kr-kralovehradecky.cz/assets/krajsky-urad/uredni-deska/ostatni/Sdeleni.pdf','Sdeleni.pdf'),(86,59,'Veřejná vyhláška - rozhodnutí o žádosti Mgr. Michala Gerži, Sedloňov','http://www.kr-kralovehradecky.cz/assets/krajsky-urad/uredni-deska/zivotni-prostredi/Rozhodnuti---povoleni-vyjimky.pdf','Rozhodnuti---povoleni-vyjimky.pdf'),(87,60,'Oznámení 1. zasedání Zastupitelstva Královéhradeckého kraje','http://www.kr-kralovehradecky.cz/assets/krajsky-urad/uredni-deska/ostatni/Oznameni-Zastupitelstva.pdf','Oznameni-Zastupitelstva.pdf'),(88,61,'Územní energetická koncepce Královéhradeckého kraje','http://www.kr-kralovehradecky.cz/assets/krajsky-urad/uredni-deska/ostatni/UEK-KHK-2019.pdf','UEK-KHK-2019.pdf'),(89,61,'Územní energetická koncepce Královéhradeckého kraje - vyhodnocení vlivů na ŽP','http://www.kr-kralovehradecky.cz/assets/krajsky-urad/uredni-deska/ostatni/SEA-k-UEK-KHK-2019.pdf','SEA-k-UEK-KHK-2019.pdf'),(90,61,'Územní energetická koncepce Královéhradeckého kraje - prohlášení','http://www.kr-kralovehradecky.cz/assets/krajsky-urad/uredni-deska/ostatni/Prohlaseni-k-SEA-k-UEK-KHK-2019.pdf','Prohlaseni-k-SEA-k-UEK-KHK-2019.pdf'),(91,62,'Stanovení lhůty a způsobu pro předkládání jízdních řádů ke schválení','http://www.kr-kralovehradecky.cz/assets/krajsky-urad/uredni-deska/ostatni/Jizdni-rady.pdf','Jizdni-rady.pdf'),(92,63,'Veřejná vyhláška - aktualizace č. 3 Zásad územního rozvoje Královéhradeckého kraje','http://www.kr-kralovehradecky.cz/assets/krajsky-urad/uredni-deska/ostatni/Verejna-vyhlaska---Zasady-KHK.pdf','Verejna-vyhlaska---Zasady-KHK.pdf'),(93,64,'Zveřejnění informací o provozu podatelny a o podmínkách přijímání dokumentů Krajského úřadu KHK','http://www.kr-kralovehradecky.cz/assets/krajsky-urad/uredni-deska/ostatni/informace---provoz-podatelny.pdf','informace---provoz-podatelny.pdf'),(94,65,'Oznámení o počtu volených členů Zastupitelstva Královéhradeckého kraje ve volbách do zastupitelstev krajů 2020','http://www.kr-kralovehradecky.cz/assets/krajsky-urad/uredni-deska/ostatni/Volby_2.pdf','Volby_2.pdf'),(95,66,'Dotační program Královéhradeckého kraje - Snížení emisí z lokálního vytápění domácností v Královéhradeckém kraji III','http://www.kr-kralovehradecky.cz/assets/krajsky-urad/uredni-deska/ostatni/Dotacni-program-KHK---kotlikove-dotace.pdf','Dotacni-program-KHK---kotlikove-dotace.pdf'),(96,66,'Příloha - žádost o poskytnutí finanční podpory','http://www.kr-kralovehradecky.cz/assets/krajsky-urad/uredni-deska/ostatni/Prloha---zadost-o-poskytnuti-financni-podpory.pdf','Prloha---zadost-o-poskytnuti-financni-podpory.pdf'),(97,66,'Příloha - souhlas vlastníka','http://www.kr-kralovehradecky.cz/assets/krajsky-urad/uredni-deska/ostatni/Priloha---souhlas-vlastnika.pdf','Priloha---souhlas-vlastnika.pdf'),(98,66,'Příloha - souhlas spoluvlastníků','http://www.kr-kralovehradecky.cz/assets/krajsky-urad/uredni-deska/ostatni/Priloha---souhlas-spoluvlastniku.pdf','Priloha---souhlas-spoluvlastniku.pdf'),(99,66,'Příloha - plná moc','http://www.kr-kralovehradecky.cz/assets/krajsky-urad/uredni-deska/ostatni/Priloha---plna-moc-k-dotacim.pdf','Priloha---plna-moc-k-dotacim.pdf'),(100,66,'Příloha - návrh smlovy o poskytnutí dotace','http://www.kr-kralovehradecky.cz/assets/krajsky-urad/uredni-deska/ostatni/Priloha---Navrh-smlouvy-o-poskytnuti-dotace.pdf','Priloha---Navrh-smlouvy-o-poskytnuti-dotace.pdf'),(101,66,'Příloha - doklad o likvidaci kotlového tělesa','http://www.kr-kralovehradecky.cz/assets/krajsky-urad/uredni-deska/ostatni/Priloha---Doklad-o-likvidaci-kotloveho-telesa.pdf','Priloha---Doklad-o-likvidaci-kotloveho-telesa.pdf'),(102,66,'Příloha - čestné prohlášení','http://www.kr-kralovehradecky.cz/assets/krajsky-urad/uredni-deska/ostatni/Priloha---Cestne-prohlaseni.pdf','Priloha---Cestne-prohlaseni.pdf'),(103,66,'Příloha - prohlášení o změnách','http://www.kr-kralovehradecky.cz/assets/krajsky-urad/uredni-deska/ostatni/Priloha----Prohlaseni-o-zmenach.pdf','Priloha----Prohlaseni-o-zmenach.pdf'),(104,66,'Dodatek č. 1 dotačního programu','http://www.kr-kralovehradecky.cz/assets/krajsky-urad/uredni-deska/ostatni/Dodatek-dotacniho-programu.docx','Dodatek-dotacniho-programu.docx'),(105,67,'Veřejná vyhláška - oznámení o zahájení stavebního řízení - stavba I/16 Trutnov OK a přechody pro chodce','http://www.kr-kralovehradecky.cz/assets/krajsky-urad/uredni-deska/ostatni/zahajeni-uzemniho-rizeni---Trutnov.pdf','zahajeni-uzemniho-rizeni---Trutnov.pdf'),(106,68,'Veřejná vyhláška - přechodná úprava provozu na silnicích I/37 v k.ú. Bojiště u Trutnova','http://www.kr-kralovehradecky.cz/assets/krajsky-urad/uredni-deska/ostatni/prechodna-uprava-provozu-v-obci-Trutnov.pdf','prechodna-uprava-provozu-v-obci-Trutnov.pdf'),(107,68,'Příloha 1','http://www.kr-kralovehradecky.cz/assets/krajsky-urad/uredni-deska/ostatni/Priloha-1---TU.pdf','Priloha-1---TU.pdf'),(108,68,'Příloha 2','http://www.kr-kralovehradecky.cz/assets/krajsky-urad/uredni-deska/ostatni/Priloha-2---TU.pdf','Priloha-2---TU.pdf'),(109,68,'Příloha 3','http://www.kr-kralovehradecky.cz/assets/krajsky-urad/uredni-deska/ostatni/Priloha-3---TU.pdf','Priloha-3---TU.pdf'),(110,69,'Usnesení - Vláda České republiky vyhlašuje nouzový stav','http://www.kr-kralovehradecky.cz/assets/krajsky-urad/uredni-deska/ostatni/Nouzovy-stav.pdf','Nouzovy-stav.pdf'),(111,70,'Veřejná vyhláška - rozhodnutí o odvolání p. Havlíka ve věci stavby I/35 Ostroměř','http://www.kr-kralovehradecky.cz/assets/krajsky-urad/uredni-deska/ostatni/Rozhodnuti---odvolani-Havlik.pdf','Rozhodnuti---odvolani-Havlik.pdf'),(112,71,'Zápis o výsledku voleb do Zastupitelstva Královéhradeckého kraje','http://www.kr-kralovehradecky.cz/assets/krajsky-urad/uredni-deska/ostatni/Kralovehradecky2020.pdf','Kralovehradecky2020.pdf'),(113,72,'Veřejná vyhláška - přechodná úprava provozu na silnici I/33 při obci Česká Skalice','http://www.kr-kralovehradecky.cz/assets/krajsky-urad/uredni-deska/zivotni-prostredi/prechodna-uprava-provozu---Ceska-Skalice.pdf','prechodna-uprava-provozu---Ceska-Skalice.pdf'),(114,72,'Příloha','http://www.kr-kralovehradecky.cz/assets/krajsky-urad/uredni-deska/zivotni-prostredi/Priloha.pdf','Priloha.pdf'),(115,73,'Výsledky druhého kola dotačního programu pro podporu činností, které navazují, kooperují nebo rozšiřují sociálni služby,','http://www.kr-kralovehradecky.cz/assets/krajsky-urad/uredni-deska/ostatni/Vysledky-2-kola-dotacniho-programu.pdf','Vysledky-2-kola-dotacniho-programu.pdf'),(116,73,'Příloha','http://www.kr-kralovehradecky.cz/assets/krajsky-urad/uredni-deska/ostatni/Priloha_1.pdf','Priloha_1.pdf'),(117,74,'Vyhlášení dotačního programu z rozpočtu Královéhradeckého kraje pro rok 2021, z dotace poskytnuté Královéhradeckému kraji ze státního rozpočtu 2021','http://www.kr-kralovehradecky.cz/assets/krajsky-urad/uredni-deska/ostatni/Vyhlaseni-dotacniho-programu.pdf','Vyhlaseni-dotacniho-programu.pdf'),(118,74,'Příloha 1','http://www.kr-kralovehradecky.cz/assets/krajsky-urad/uredni-deska/ostatni/Priloha-1_4.pdf','Priloha-1_4.pdf'),(119,74,'Příloha 2','http://www.kr-kralovehradecky.cz/assets/krajsky-urad/uredni-deska/ostatni/Priloha-2_4.pdf','Priloha-2_4.pdf'),(120,75,'Vyhlášení dotačního programu z rozpočtu Královéhradeckého kraje pro rok 2021, k poskytnutí dotace na podporu hospicové péče v Královéhradeckém kraji ','http://www.kr-kralovehradecky.cz/assets/krajsky-urad/uredni-deska/ostatni/Vyhlaseni-dotacniho-programu_1.pdf','Vyhlaseni-dotacniho-programu_1.pdf'),(121,75,'Příloha 1','http://www.kr-kralovehradecky.cz/assets/krajsky-urad/uredni-deska/ostatni/Priloha-1_5.pdf','Priloha-1_5.pdf'),(122,75,'Příloha 2','http://www.kr-kralovehradecky.cz/assets/krajsky-urad/uredni-deska/ostatni/Priloha-2_5.pdf','Priloha-2_5.pdf'),(123,75,'Příloha 3','http://www.kr-kralovehradecky.cz/assets/krajsky-urad/uredni-deska/ostatni/Priloha-3_2.pdf','Priloha-3_2.pdf'),(124,76,'Výzva k jednání ve věci uzavření smluv o horizontální spolupráci - dodatek č. 1','http://www.kr-kralovehradecky.cz/assets/krajsky-urad/uredni-deska/ostatni/Vyzva-k-jednani.pdf','Vyzva-k-jednani.pdf'),(125,77,'Veřejná vyhláška - přechodná úprava provozu na silnici I/37 mezi obcemi Hořenice - Heřmanice','http://www.kr-kralovehradecky.cz/assets/krajsky-urad/uredni-deska/ostatni/prechodna-uprava-provozu---Horenice---Hermanice.pdf','prechodna-uprava-provozu---Horenice---Hermanice.pdf'),(126,77,'Příloha','http://www.kr-kralovehradecky.cz/assets/krajsky-urad/uredni-deska/ostatni/Priloha_9.pdf','Priloha_9.pdf'),(127,78,'Veřejná vyhláška - přechodná úprava provozu na silnici I/33 při obci Lochenice','http://www.kr-kralovehradecky.cz/assets/krajsky-urad/uredni-deska/ostatni/prechodna-uprava-provozu---Lochenice.pdf','prechodna-uprava-provozu---Lochenice.pdf'),(128,78,'Příloha 1','http://www.kr-kralovehradecky.cz/assets/krajsky-urad/uredni-deska/ostatni/Priloha-1.pdf','Priloha-1.pdf'),(129,78,'Příloha 2','http://www.kr-kralovehradecky.cz/assets/krajsky-urad/uredni-deska/ostatni/Priloha-2.pdf','Priloha-2.pdf'),(130,78,'Příloha 3','http://www.kr-kralovehradecky.cz/assets/krajsky-urad/uredni-deska/ostatni/Priloha-3.pdf','Priloha-3.pdf'),(131,79,'Příloha 1','http://www.kr-kralovehradecky.cz/assets/krajsky-urad/uredni-deska/ostatni/Priloha-1_1.pdf','Priloha-1_1.pdf'),(132,79,'Příloha 2','http://www.kr-kralovehradecky.cz/assets/krajsky-urad/uredni-deska/ostatni/Priloha-2_1.pdf','Priloha-2_1.pdf'),(133,79,'Příloha 3','http://www.kr-kralovehradecky.cz/assets/krajsky-urad/uredni-deska/ostatni/Priloha-3_1.pdf','Priloha-3_1.pdf'),(134,79,'Veřejná vyhláška - přechodná úprava provozu na silnici I/33 při obci Lochenice','http://www.kr-kralovehradecky.cz/assets/krajsky-urad/uredni-deska/ostatni/VV---PUP-Lochenice.pdf','VV---PUP-Lochenice.pdf'),(135,80,'Veřejná vyhláška - přechodná úprava provozu na silnici I/16 v obci Chotěvice','http://www.kr-kralovehradecky.cz/assets/krajsky-urad/uredni-deska/ostatni/prechodna-uprava-provozu-v-obci-Chotevice.pdf','prechodna-uprava-provozu-v-obci-Chotevice.pdf'),(136,80,'Příloha','http://www.kr-kralovehradecky.cz/assets/krajsky-urad/uredni-deska/ostatni/Priloha-1_2.pdf','Priloha-1_2.pdf'),(137,81,'Veřejná vyhláška - místní úprava provozu na silnici I/11 při a v obci Hradec Králové','http://www.kr-kralovehradecky.cz/assets/krajsky-urad/uredni-deska/ostatni/mistni-uprava-provozu-na-silnici-v-HK.pdf','mistni-uprava-provozu-na-silnici-v-HK.pdf'),(138,81,'Příloha 1','http://www.kr-kralovehradecky.cz/assets/krajsky-urad/uredni-deska/ostatni/Priloha-1_6.pdf','Priloha-1_6.pdf'),(139,81,'Příloha 2','http://www.kr-kralovehradecky.cz/assets/krajsky-urad/uredni-deska/ostatni/Priloha-2_3.pdf','Priloha-2_3.pdf'),(140,81,'Příloha 3','http://www.kr-kralovehradecky.cz/assets/krajsky-urad/uredni-deska/ostatni/Priloha-3_1.PDF','Priloha-3_1.PDF'),(141,82,'Veřejná vyhláška - místní úprava provozu na silnici I/33 při obci Černožice ','http://www.kr-kralovehradecky.cz/assets/krajsky-urad/uredni-deska/ostatni/mistni-uprava-provozu-Cernozice.pdf','mistni-uprava-provozu-Cernozice.pdf'),(142,82,'Příloha','http://www.kr-kralovehradecky.cz/assets/krajsky-urad/uredni-deska/ostatni/Priloha_11.pdf','Priloha_11.pdf'),(143,83,'Hejtman Královéhradeckého kraje určuje tyto školy a školská zařízení na území KHK,','http://www.kr-kralovehradecky.cz/assets/krajsky-urad/uredni-deska/ostatni/Hejtman---urceni-skol.pdf','Hejtman---urceni-skol.pdf'),(144,84,'Nabídka nábytku','http://www.kr-kralovehradecky.cz/assets/krajsky-urad/uredni-deska/nepotrebny-majetek-PO/kartoteka.jpg','kartoteka.jpg'),(145,84,'Lednice 1 - jičín','http://www.kr-kralovehradecky.cz/assets/krajsky-urad/uredni-deska/nepotrebny-majetek-PO/lednice1-1.jpg','lednice1-1.jpg'),(146,84,'Nabídka nábytku','http://www.kr-kralovehradecky.cz/assets/krajsky-urad/uredni-deska/nepotrebny-majetek-PO/lednice1-2.jpg','lednice1-2.jpg'),(147,84,'Nabídka nábytku','http://www.kr-kralovehradecky.cz/assets/krajsky-urad/uredni-deska/nepotrebny-majetek-PO/lednice2-1.jpg','lednice2-1.jpg'),(148,84,'Nabídka nábytku','http://www.kr-kralovehradecky.cz/assets/krajsky-urad/uredni-deska/nepotrebny-majetek-PO/lednice2-2.jpg','lednice2-2.jpg'),(149,84,'stůl pod PC 2 - Jičín','http://www.kr-kralovehradecky.cz/assets/krajsky-urad/uredni-deska/nepotrebny-majetek-PO/stul-pod-pc-3.jpg','stul-pod-pc-3.jpg'),(150,84,'Nabídka nábytku','http://www.kr-kralovehradecky.cz/assets/krajsky-urad/uredni-deska/nepotrebny-majetek-PO/konferencni-stolek1.jpg','konferencni-stolek1.jpg'),(151,84,'Nabídka nábytku','http://www.kr-kralovehradecky.cz/assets/krajsky-urad/uredni-deska/nepotrebny-majetek-PO/skrin-vysoka.jpg','skrin-vysoka.jpg'),(152,84,'Nabídka nábytku','http://www.kr-kralovehradecky.cz/assets/krajsky-urad/uredni-deska/nepotrebny-majetek-PO/tv-stolek.jpg','tv-stolek.jpg'),(153,84,'Nabídka nábytku','http://www.kr-kralovehradecky.cz/assets/krajsky-urad/uredni-deska/nepotrebny-majetek-PO/paaci-stul-3.jpg','paaci-stul-3.jpg'),(154,84,'Nabídka nábytku','http://www.kr-kralovehradecky.cz/assets/krajsky-urad/uredni-deska/nepotrebny-majetek-PO/regal1.jpg','regal1.jpg'),(155,84,'Nabídka nábytku','http://www.kr-kralovehradecky.cz/assets/krajsky-urad/uredni-deska/nepotrebny-majetek-PO/regal2.jpg','regal2.jpg'),(156,84,'Nabídka nábytku','http://www.kr-kralovehradecky.cz/assets/krajsky-urad/uredni-deska/nepotrebny-majetek-PO/lavice.jpg','lavice.jpg'),(157,84,'Nabídka nábytku','http://www.kr-kralovehradecky.cz/assets/krajsky-urad/uredni-deska/nepotrebny-majetek-PO/psaci-stul1-1.jpg','psaci-stul1-1.jpg'),(158,84,'Nabídka nábytku','http://www.kr-kralovehradecky.cz/assets/krajsky-urad/uredni-deska/nepotrebny-majetek-PO/psaci-stul1-2.jpg','psaci-stul1-2.jpg'),(159,84,'Nabídka nábytku','http://www.kr-kralovehradecky.cz/assets/krajsky-urad/uredni-deska/nepotrebny-majetek-PO/stil-poc-pc1.jpg','stil-poc-pc1.jpg'),(160,84,'Nabídka nábytku','http://www.kr-kralovehradecky.cz/assets/krajsky-urad/uredni-deska/nepotrebny-majetek-PO/skrinky.jpg','skrinky.jpg'),(161,84,'Nabídka nábytku','http://www.kr-kralovehradecky.cz/assets/krajsky-urad/uredni-deska/nepotrebny-majetek-PO/stul1.jpg','stul1.jpg'),(162,84,'Nabídka nábytku','http://www.kr-kralovehradecky.cz/assets/krajsky-urad/uredni-deska/nepotrebny-majetek-PO/stul-psaci-4.jpg','stul-psaci-4.jpg'),(163,84,'Nabídka nábytku','http://www.kr-kralovehradecky.cz/assets/krajsky-urad/uredni-deska/nepotrebny-majetek-PO/konferencni-stolek-2.jpg','konferencni-stolek-2.jpg'),(164,84,'Nabídka nábytku','http://www.kr-kralovehradecky.cz/assets/krajsky-urad/uredni-deska/nepotrebny-majetek-PO/psaci-stul-jc-4.jpg','psaci-stul-jc-4.jpg'),(165,84,'Nabídka nábytku','http://www.kr-kralovehradecky.cz/assets/krajsky-urad/uredni-deska/nepotrebny-majetek-PO/psaci-stul-jc-5.jpg','psaci-stul-jc-5.jpg'),(166,85,'Nabídka židlí','http://www.kr-kralovehradecky.cz/assets/krajsky-urad/uredni-deska/nepotrebny-majetek-PO/Zidle.jpg','Zidle.jpg'),(167,86,'Nabídka výstavního systému Kupka','http://www.kr-kralovehradecky.cz/assets/krajsky-urad/uredni-deska/nepotrebny-majetek-PO/1_6.jpg','1_6.jpg'),(168,86,'Nabídka výstavního systému Kupka','http://www.kr-kralovehradecky.cz/assets/krajsky-urad/uredni-deska/nepotrebny-majetek-PO/2_5.jpg','2_5.jpg'),(169,87,'Oznámení o vyhlášení výběrového řízení na místo: právník/právnička odboru územního a stavebního řádu','http://www.kr-kralovehradecky.cz/assets/krajsky-urad/uredni-deska/volna-mista/VR---pravnik-UP.pdf','VR---pravnik-UP.pdf'),(170,88,'Oznámení o vyhlášení výběrového řízení na místo: odborný/á referent/ka oddělení stavebního řádu, odbor ÚP a SŘ','http://www.kr-kralovehradecky.cz/assets/krajsky-urad/uredni-deska/volna-mista/VR---referent-odd--SR-35.pdf','VR---referent-odd--SR-35.pdf'),(171,89,'Oznámení o vyhlášení výběrového řízení na místo: odborný/á referent/ka oddělení stavebního řádu, odbor ÚP a SŘ','http://www.kr-kralovehradecky.cz/assets/krajsky-urad/uredni-deska/volna-mista/VR---odborny-referent-SR.pdf','VR---odborny-referent-SR.pdf'),(172,90,'Oznámení o vyhlášení výběrového řízení na místo: referent/ka oddělení příprav a realizace staveb, odbor investic','http://www.kr-kralovehradecky.cz/assets/krajsky-urad/uredni-deska/volna-mista/VR--referent-odboru-investic.pdf','VR--referent-odboru-investic.pdf'),(173,91,'Oznámení o vyhlášení výběrového řízení na místo: referent/ka oddělení regionálního rozvoje','http://www.kr-kralovehradecky.cz/assets/krajsky-urad/uredni-deska/volna-mista/vyberove-rizeni---referent-oddeleni-RR.pdf','vyberove-rizeni---referent-oddeleni-RR.pdf'),(174,96,'Oblastní charita hledá všeobecné sestry domácí hospicové péče','http://www.kr-kralovehradecky.cz/assets/krajsky-urad/uredni-deska/volna-mista-ostatni/Vseobecne-sestry-domaci-hospicove-pece.pdf','Vseobecne-sestry-domaci-hospicove-pece.pdf'),(175,97,'Oblastní charita hledá na hlavní pracovní poměr nebo na dohodu o provedení práce všeobecné sestry domácí péče','http://www.kr-kralovehradecky.cz/assets/krajsky-urad/uredni-deska/volna-mista-ostatni/Vseobecne-sestry-domaci-pece.pdf','Vseobecne-sestry-domaci-pece.pdf'),(176,100,'Pečovatelská služba Města Dvůr Králové nad Labem vyhlašuje výběrové řízení na pozici: pečovatelka, 2 volná místa','http://www.kr-kralovehradecky.cz/assets/krajsky-urad/uredni-deska/volna-mista-ostatni/VR-pecovatelka---PS-mesta-DKnL.pdf','VR-pecovatelka---PS-mesta-DKnL.pdf'),(177,101,'Nemocnice Náchod přijme radiologického asistenta/tku na radiodiagnostické oddělení','http://www.kr-kralovehradecky.cz/assets/krajsky-urad/uredni-deska/volna-mista-ostatni/radiologicky-asistent-MR.docx','radiologicky-asistent-MR.docx'),(178,102,'Oblastní nemocnice Náchod přijme lékaře/ku pro nově vybudované pracoviště magnetické rezonance radiologického oddělení ','http://www.kr-kralovehradecky.cz/assets/krajsky-urad/uredni-deska/volna-mista-ostatni/lekar-L3-RDG.docx','lekar-L3-RDG.docx'),(179,103,'Město Jaroměř vyhlašuje VŘ na pozici VEDOUCÍ ODDĚLENÍ sociálněprávní ochrany dětí','http://www.kr-kralovehradecky.cz/assets/krajsky-urad/uredni-deska/volna-mista-ostatni/VR-ved-OSPOD_001_001.pdf','VR-ved-OSPOD_001_001.pdf'),(180,104,' Oblastní nemocnice Náchod příjme lékaře/ku na dětské oddělení ','http://www.kr-kralovehradecky.cz/assets/krajsky-urad/uredni-deska/volna-mista-ostatni/lekar-pediatrie.docx','lekar-pediatrie.docx'),(181,106,'Oblastní nemocnice Náchod příjme lékaře/ku na rehabilitační oddělení','http://www.kr-kralovehradecky.cz/assets/krajsky-urad/uredni-deska/volna-mista-ostatni/lekar-rehabilitace.docx','lekar-rehabilitace.docx'),(182,107,'Oblastní nemocnice Náchod přijme sanitáře/ku do LDN Jaroměř','http://www.kr-kralovehradecky.cz/assets/krajsky-urad/uredni-deska/volna-mista-ostatni/sanitar-LDN-Jaromer.docx','sanitar-LDN-Jaromer.docx'),(183,108,'Museum východních Čech v Hradci Králové vyhlašuje výběrové řízení na místo: účetní','http://www.kr-kralovehradecky.cz/assets/krajsky-urad/uredni-deska/volna-mista-ostatni/ucetni-II.doc','ucetni-II.doc'),(184,109,'Město Kostelec nad Orlicí vyhlašuje výběrové řízení na místo: referent/ka - životní prostředí - myslivost, péče o les, rybářství, ochrana zvířat','http://www.kr-kralovehradecky.cz/assets/krajsky-urad/uredni-deska/volna-mista-ostatni/VR---myslivost_1.pdf','VR---myslivost_1.pdf'),(185,110,'Výběrové řízení na pozici Odborný konzultant pro energetiku','http://www.kr-kralovehradecky.cz/assets/krajsky-urad/uredni-deska/volna-mista-ostatni/VZ-konzultant-pro-energetiku.pdf','VZ-konzultant-pro-energetiku.pdf'),(186,111,'Město Kostelec nad Orlicí vyhlašuje výběrové řízení na místo: referent/ka přestupkového řízení na úseku dopravy','http://www.kr-kralovehradecky.cz/assets/krajsky-urad/uredni-deska/volna-mista-ostatni/vyberove-rizeni_1.pdf','vyberove-rizeni_1.pdf'),(187,112,' Město Jaroměř vyhlašuje VŘ č. 37 na pozici: referent/ka státní správy - oddělení sociálněprávní ochrany dětí (dále OSPOD)','http://www.kr-kralovehradecky.cz/assets/krajsky-urad/uredni-deska/volna-mista-ostatni/VR-c--37-2020-OSPOD.pdf','VR-c--37-2020-OSPOD.pdf'),(188,113,'Rada města Lázně Bělohrad vyhlašuje konkursní řízení na obsazení vedoucího pracovního místa: ředitel/ředitelka Bělohradské mateřské školy','http://www.kr-kralovehradecky.cz/assets/krajsky-urad/uredni-deska/volna-mista-ostatni/20201012134103.pdf','20201012134103.pdf'),(189,114,'Město Kostelec nad Orlicí vyhlašuje výběrové řízení na místo: referent/ka úřadu územního plánování','http://www.kr-kralovehradecky.cz/assets/krajsky-urad/uredni-deska/volna-mista-ostatni/VR---ZP---zastup.pdf','VR---ZP---zastup.pdf'),(190,115,'Město Kostelec nad Orlicí vyhlašuje výběrové řízení na místo: referent/ka obecného stavebního úřadu','http://www.kr-kralovehradecky.cz/assets/krajsky-urad/uredni-deska/volna-mista-ostatni/VR---referent-stav--uradu---ZP_1.pdf','VR---referent-stav--uradu---ZP_1.pdf'),(191,116,'CIRI Hradec Králové obsazuje pracovní pozici: manažer/manažerka Průmyslových zón v Královéhradeckém kraji','http://www.kr-kralovehradecky.cz/assets/krajsky-urad/uredni-deska/volna-mista-ostatni/VZ-manazer-PZ.pdf','VZ-manazer-PZ.pdf');
/*!40000 ALTER TABLE `instance` ENABLE KEYS */;
UNLOCK TABLES;

--
-- Table structure for table `message`
--

DROP TABLE IF EXISTS `message`;
/*!40101 SET @saved_cs_client     = @@character_set_client */;
/*!40101 SET character_set_client = utf8 */;
CREATE TABLE `message` (
  `id` int(11) NOT NULL AUTO_INCREMENT,
  `title` varchar(255) DEFAULT NULL,
  `body` text DEFAULT NULL,
  `source_id` int(11) DEFAULT NULL,
  `category_id` int(11) DEFAULT NULL,
  `published_datetime` datetime DEFAULT NULL,
  `expired_datetime` datetime DEFAULT NULL,
  PRIMARY KEY (`id`),
  UNIQUE KEY `id` (`id`)
) ENGINE=InnoDB AUTO_INCREMENT=117 DEFAULT CHARSET=utf8;
/*!40101 SET character_set_client = @saved_cs_client */;

--
-- Dumping data for table `message`
--

LOCK TABLES `message` WRITE;
/*!40000 ALTER TABLE `message` DISABLE KEYS */;
INSERT INTO `message` VALUES (1,'Záměr č. 27/2020 - prodej nemovitých věcí Královéhradeckého kraje',NULL,1,1,'2020-03-31 00:00:00',NULL),(2,'Záměr č. 35/2020 - prodat nemovitost v k.ú. Nový Bydžov',NULL,1,1,'2020-05-25 00:00:00',NULL),(3,'Záměr č. 63/2020 - prodat nemovitosti v k.ú. Nové Město nad Metují',NULL,1,1,'2020-07-27 00:00:00',NULL),(4,'Záměr č. 78/2020 - směnit nemovitosti v k.ú. Kvasiny',NULL,1,1,'2020-08-12 00:00:00',NULL),(5,'Záměr č. 77/2020 - směnit nemovitosti v k.ú. Kvasiny',NULL,1,1,'2020-08-12 00:00:00',NULL),(6,'Záměr č. 76/2020 - darovat nemovitosti v k.ú. Krčín a v k.ú. Spy',NULL,1,1,'2020-08-12 00:00:00',NULL),(7,'Záměr č. 75/2020 - směnit a prodat nemovitosti v k.ú. Opočno pod Orlickými horami',NULL,1,1,'2020-08-12 00:00:00',NULL),(8,'Záměr č. 84/2020 - darovat pozemek v k.ú. Nemyčeves',NULL,1,1,'2020-10-06 00:00:00',NULL),(9,'Záměr č. 85/2020 - směnit pozemek v k.ú. Potštejn',NULL,1,1,'2020-10-06 00:00:00',NULL),(10,'Záměr č. 62/2020 - prodat nemovitosti v k.ú. Červený Kostelec',NULL,1,1,'2020-07-27 00:00:00',NULL),(11,'Záměr č. 81/2019 - prodat nebo pronajmout nemovitosti v k.ú. Skřivany',NULL,1,1,'2019-11-15 00:00:00',NULL),(12,'Záměr č. 40/2020 - záměr snížit nájemné společnosti Pultar a partneři a prominout nájemné spol. Centrum pro integraci osob se zdrav. postižením KHK',NULL,1,1,'2020-06-17 00:00:00',NULL),(13,'Záměr č. 79/2020 - darovat nemovitosti v k.ú. Kvasiny',NULL,1,1,'2020-09-11 00:00:00',NULL),(14,'Záměr č. 80/2020 - darovat nemovitosti v k.ú Záhornice',NULL,1,1,'2020-09-11 00:00:00',NULL),(15,'Záměr č. 82/2020 - pronajmout nemovitosti v k.ú. Hronov',NULL,1,1,'2020-09-21 00:00:00',NULL),(16,'Záměr č. 83/2020 - darovat pozemek v k.ú. Hořice v Podkrkonoší',NULL,1,1,'2020-10-08 00:00:00',NULL),(17,'Záměr č. 86/2020 - pronajmout nemovitosti v k.ú. Plotiště nad Labem',NULL,1,1,'2020-10-08 00:00:00',NULL),(18,'Odkaz - výsledky výběrových řízení','<div class=\"main__card main__card--padding\">\n<strong><a href=\"/scripts/detail.php?pgid=239\" title=\"Výsledky výběrových řízení\"><b>Výsledky výběrových řízení</b></a></strong>\n</div>',2,2,'2009-06-19 10:09:20',NULL),(19,'Odkaz - oznámení o vyhlášených výběrových řízení','<div class=\"main__card main__card--padding\">\n<p class=\"next\"><a href=\"/scripts/detail.php?pgid=43\" title=\"Výsledky výběrových řízení\"><strong>Oznámení o vyhlášených výběrových řízení</strong></a></p>\n</div>',2,2,'2009-06-19 10:12:38',NULL),(20,'Oznámení o vyhlášení výběrového řízení před uzavřením smlouvy o poskytování a úhradě hrazených služeb v oboru: zubní lékařství TU',NULL,3,2,'2020-10-19 00:00:00','2020-12-03 23:59:59'),(21,'Oznámení o vyhlášení výběrového řízení před uzavřením smlouvy o poskytování a úhradě hrazených služeb v oboru: praktické lékařství pro děti a dorost',NULL,3,2,'2020-10-05 00:00:00','2020-11-20 23:59:59'),(22,'Oznámení o vyhlášení výběrového řízení před uzavřením smlouvy o poskytování a úhradě hrazených služeb v oboru: praktické lékařství pro děti a dorost',NULL,3,2,'2020-10-12 00:00:00','2020-10-29 23:59:59'),(23,'Oznámení o vyhlášení výběrového řízení před uzavřením smlouvy o poskytování a úhradě hrazených služeb v oboru: klinický logoped NA',NULL,3,2,'2020-10-19 00:00:00','2020-12-03 23:59:59'),(24,'Oznámení o vyhlášení výběrového řízení před uzavřením smlouvy o poskytování a úhradě hrazených služeb v oboru: gynekologie a porodnictví, NA',NULL,3,2,'2020-09-22 00:00:00','2020-11-06 23:59:59'),(25,'Oznámení o vyhlášení výběrového řízení před uzavřením smlouvy o poskytování a úhradě hrazených služeb v oboru: všeobecné praktické lékařství, JC',NULL,3,2,'2020-09-22 00:00:00','2020-11-06 23:59:59'),(26,'Oznámení o vyhlášení výběrového řízení před uzavřením smlouvy o poskytování a úhradě hrazených služeb v oboru: všeobecné praktické lékařství, JC',NULL,3,2,'2020-09-22 00:00:00','2020-11-06 23:59:59'),(27,'Oznámení o vyhlášení výběrového řízení před uzavřením smlouvy o poskytování a úhradě hrazených služeb v oboru: kardiologie, HK',NULL,3,2,'2020-09-22 00:00:00','2020-11-06 23:59:59'),(28,'Oznámení o vyhlášení výběrového řízení před uzavřením smlouvy o poskytování a úhradě hrazených služeb v oboru: chirurgie, RK',NULL,3,2,'2020-09-22 00:00:00','2020-11-06 23:59:59'),(29,'Výsledky výběrového řízení ze dne 26.2.2020',NULL,3,2,'2020-03-10 00:00:00','2021-03-10 23:59:59'),(30,'Výsledky výběrového řízení ze dne 14.5.2020',NULL,3,2,'2020-05-25 00:00:00','2021-05-25 23:59:59'),(31,'Výsledky výběrového řízení ze dne 2.10.2019',NULL,3,2,'2019-10-23 00:00:00','2020-10-23 23:59:59'),(32,'Výsledky výběrového řízení ze dne 11.11.2019',NULL,3,2,'2019-11-25 00:00:00','2020-11-25 23:59:59'),(33,'Výsledky výběrového řízení ze dne 11.12.2019',NULL,3,2,'2019-12-17 00:00:00','2020-12-17 23:59:59'),(34,'Výsledky výběrového řízení ze dne 17.06.2020',NULL,3,2,'2020-07-07 00:00:00','2021-07-07 23:59:59'),(35,'Výsledky výběrového řízení ze dne 1.7.2020',NULL,3,2,'2020-07-15 00:00:00','2021-07-15 23:59:59'),(36,'Výsledky výběrového řízení ze dne 16.9.2020',NULL,3,2,'2020-10-05 00:00:00','2021-10-05 23:59:59'),(37,'Závěr zjišťovacího řízení k záměru I/36 Holice - Čestice, změna části trasy kolem Borohrádku',NULL,4,3,'2020-10-06 00:00:00','2020-10-22 23:59:59'),(38,'Veřejná vyhláška - rozhodnutí - záměr Biometanová stanice Králíky III',NULL,4,3,'2020-10-12 00:00:00','2020-10-29 23:59:59'),(39,'Veřejná vyhláška - návrh opatření obecné povahy - vodní tok Bělá, k.ú. Jedlová v O.h.',NULL,4,3,'2020-10-06 00:00:00','2020-10-22 23:59:59'),(40,'Informace o oznámení záměru_Komerční zóna Hradubická II, Obchodní centrum III. a IV.',NULL,4,3,'2020-10-19 00:00:00','2020-11-04 23:59:59'),(41,'Zveřejnění informace o změně integrovaného povolení pro zařízení Teplárna Náchod',NULL,4,3,'2020-09-21 00:00:00','2020-10-22 23:59:59'),(42,'Zveřejnění informace o vydání změny integrovaného povolení - Zařízení intenzivního chovu drůbeže Svinišťany',NULL,4,3,'2020-10-09 00:00:00','2020-11-09 23:59:59'),(43,'Zveřejnění informace o vydání změny integrovaného povolení - Zařízení k odstraňování tekutých odpadů Hradec Králové - Třebeš',NULL,4,3,'2020-10-09 00:00:00','2020-11-09 23:59:59'),(44,'Informace o oznámení záměru Shopping park Nová Zelená a veřejný park Kukleny',NULL,4,3,'2020-10-13 00:00:00','2020-10-29 23:59:59'),(45,'Zveřejnění informace o vydání změny integrovaného povolení - Zařízení intenzivního chovu prasat Vršce',NULL,4,3,'2020-10-14 00:00:00','2020-11-16 23:59:59'),(46,'Veřejná vyhláška - rozhodnutí o žádosti Univerzity Hradec Králové',NULL,4,3,'2020-10-16 00:00:00','2020-11-02 23:59:59'),(47,'Informace pro občany týkající se podávání stížností proti postupu poskytovatelů při poskytování zdravotních služeb','\n		',5,4,'2012-04-02 00:00:00',NULL),(48,'Informace ke stahování přípravku NOVOMIX pro pacienty',NULL,6,4,'2013-10-31 13:15:05',NULL),(49,'Energetická politika Královéhradeckého kraje',NULL,NULL,4,'2018-11-12 11:07:39',NULL),(50,'Zápis o výsledku voleb do zastupitelstva kraje',NULL,7,4,'2016-10-09 07:46:04',NULL),(51,'Nařízení státní veterinární správy - mimořádná veterinární opatření - aviární influenza',NULL,8,4,'2017-02-23 15:27:45',NULL),(52,'Opravné rozhodnutí Úřadu pro civilní letectví',NULL,9,4,'2020-10-20 00:00:00','2020-11-05 23:59:59'),(53,'Veřejná vyhláška - přechodná úprava provozu na silnici I/11 v Chlumci nad Cidlinou',NULL,10,4,'2020-10-07 00:00:00','2020-10-23 23:59:59'),(54,'Rozhodnutí o registraci kandidátních listin politických stran, politických hnutí a jejich koalic pro volby do Zastupitelstva Královéhradeckého kraje',NULL,11,4,'2020-08-14 00:00:00',NULL),(55,'Rozhodnutí o odmítnutí kandidátní listiny politické strany Moravská a Slezská pirátská strana',NULL,11,4,'2020-08-14 00:00:00',NULL),(56,'Veřejná vyhláška - opatření obecné povahy - Ochranné pásmo heliportu HEMS Hradec Králové',NULL,12,4,'2020-10-15 00:00:00','2020-11-02 23:59:59'),(57,'Veřejná vyhláška - přechodná úprava provozu na silnici I/35 při obci Hořice',NULL,10,4,'2020-10-13 00:00:00','2020-10-29 23:59:59'),(58,'Veřejná vyhláška - sdělení o možnosti vyjádřit se k podkladům pro rozhodnutí',NULL,13,4,'2020-10-12 00:00:00','2020-10-29 23:59:59'),(59,'Veřejná vyhláška - rozhodnutí o žádosti Mgr. Michala Gerži, Sedloňov',NULL,4,4,'2020-10-12 00:00:00','2020-10-29 23:59:59'),(60,'Oznámení 1. zasedání Zastupitelstva Královéhradeckého kraje',NULL,1,4,'2020-10-20 00:00:00','2020-11-02 23:59:59'),(61,'Územní energetická koncepce Královéhradeckého kraje',NULL,14,4,'2019-09-11 00:00:00',NULL),(62,'Stanovení lhůty a způsobu pro předkládání jízdních řádů ke schválení',NULL,10,4,'2019-12-18 00:00:00','2020-12-14 23:59:59'),(63,'Veřejná vyhláška - aktualizace č. 3 Zásad územního rozvoje Královéhradeckého kraje',NULL,15,4,'2020-10-20 00:00:00','2020-11-05 23:59:59'),(64,'Zveřejnění informací o provozu podatelny a o podmínkách přijímání dokumentů Krajského úřadu KHK',NULL,11,4,'2020-02-27 00:00:00',NULL),(65,'Oznámení o počtu volených členů Zastupitelstva Královéhradeckého kraje ve volbách do zastupitelstev krajů 2020',NULL,11,4,'2020-04-08 00:00:00',NULL),(66,'Dotační program Královéhradeckého kraje - Snížení emisí z lokálního vytápění domácností v Královéhradeckém kraji III',NULL,16,4,'2020-07-01 00:00:00','2023-12-29 23:59:59'),(67,'Veřejná vyhláška - oznámení o zahájení stavebního řízení - stavba I/16 Trutnov OK a přechody pro chodce',NULL,15,4,'2020-10-06 00:00:00','2020-10-22 23:59:59'),(68,'Veřejná vyhláška - přechodná úprava provozu na silnicích I/37 v k.ú. Bojiště u Trutnova',NULL,10,4,'2020-10-15 00:00:00','2020-11-02 23:59:59'),(69,'Usnesení - Vláda České republiky vyhlašuje nouzový stav',NULL,17,4,'2020-10-02 00:00:00','2020-11-04 23:59:59'),(70,'Veřejná vyhláška - rozhodnutí o odvolání p. Havlíka ve věci stavby I/35 Ostroměř',NULL,10,4,'2020-10-06 00:00:00','2020-10-22 23:59:59'),(71,'Zápis o výsledku voleb do Zastupitelstva Královéhradeckého kraje',NULL,11,4,'2020-10-03 00:00:00',NULL),(72,'Veřejná vyhláška - přechodná úprava provozu na silnici I/33 při obci Česká Skalice',NULL,10,4,'2020-10-13 00:00:00','2020-10-29 23:59:59'),(73,'Výsledky druhého kola dotačního programu pro podporu činností, které navazují, kooperují nebo rozšiřují sociálni služby,',NULL,18,4,'2020-09-15 00:00:00','2020-12-15 23:59:59'),(74,'Vyhlášení dotačního programu z rozpočtu Královéhradeckého kraje pro rok 2021, z dotace poskytnuté Královéhradeckému kraji ze státního rozpočtu 2021,',NULL,18,4,'2020-09-15 00:00:00','2020-12-15 23:59:59'),(75,'Vyhlášení dotačního programu z rozpočtu Královéhradeckého kraje pro rok 2021, k poskytnutí dotace na podporu hospicové péče v Královéhradeckém kraji',NULL,18,4,'2020-09-15 00:00:00','2020-12-15 23:59:59'),(76,'Výzva k jednání ve věci uzavření smluv o horizontální spolupráci - dodatek č. 1',NULL,18,4,'2020-10-20 00:00:00','2020-12-21 23:59:59'),(77,'Veřejná vyhláška - přechodná úprava provozu na silnici I/37 mezi obcemi Hořenice - Heřmanice',NULL,10,4,'2020-10-07 00:00:00','2020-10-23 23:59:59'),(78,'Veřejná vyhláška - přechodná úprava provozu na silnici I/33 při obci Lochenice',NULL,10,4,'2020-10-07 00:00:00','2020-10-23 23:59:59'),(79,'Veřejná vyhláška - přechodná úprava provozu na silnici I/33 při obci Lochenice',NULL,10,4,'2020-10-08 00:00:00','2020-10-26 23:59:59'),(80,'Veřejná vyhláška - přechodná úprava provozu na silnici I/16 v obci Chotěvice',NULL,10,4,'2020-10-13 00:00:00','2020-10-29 23:59:59'),(81,'Veřejná vyhláška - místní úprava provozu na silnici I/11 při a v obci Hradec Králové',NULL,10,4,'2020-10-14 00:00:00','2020-10-30 23:59:59'),(82,'Veřejná vyhláška - místní úprava provozu na silnici I/33 při obci Černožice',NULL,10,4,'2020-10-14 00:00:00','2020-10-30 23:59:59'),(83,'Hejtman Královéhradeckého kraje určuje tyto školy a školská zařízení na území KHK,',NULL,17,4,'2020-10-16 00:00:00',NULL),(84,'Nabídka nábytku','<p>Pedagogicko-psychologická poradna a Speciálně pedagogické centrum Královéhradeckého kraje nabízí nepotřebný majetek z PPP a SPC Jičín a Rychnov nad Kněžnou.\n</p><p>\n</p><p>Případní zájemci mne mohou kontaktovat na mail: b.fikarova@pppkhk.cz nebo na tel. čísle <strong>606 729 322 do 30. 9. 2020.</strong>\n</p><p>\n</p><p>S pozdravem\n</p><p>\n</p><p>Blanka Fikarová - účetní</p>',19,5,'2020-09-21 08:55:12',NULL),(85,'Nabídka židlí','<p>Školní jídelna Hradec Králové, Hradecká 1219, nabízí &nbsp;k bezúplatnému převodu organizacím zřizované Královehradeckým krajem, tento přebytečný majetek:</p><p><strong>Židle dřevěná hnědá - ohýbaná překližka třešeň</strong></p><p>Rok pořízení 2010, dřevěná hnědá, kovový rám šedý-nástřik, nabízíme 200 kusů</p><p>stav: používané, funkční, nepatrně poškrábané</p><p>V případě zájmu uplatněte svůj požadavek na e-mailové adrese <a href=\"mailto:info@jidelnahradecka.cz\">info@jidelnahradecka.cz</a> či na telefonu 602 500 052 nejpozději <strong>do 30.8.2020.</strong></p><p>Děkuji</p><p>Martin Svátek<br />\nředitel</p><p>Školní jídelna,<br />\nHradecká 1219,<br />\n500 03 Hradec Králové<br />\ntel.: 495 511 064, 602 500 052<br />\n<a href=\"mailto:info@jidelnahradecka.cz\">info@jidelnahradecka.cz</a></p>',20,5,'2020-06-12 11:51:06',NULL),(86,'Nabídka výstavního systému Kupka','<p>Nabídka výstavního systému &bdquo;Kupka&ldquo; &ndash; jedná se o dva výstavní systémy: interiérový a exteriérový, kdy výstavní systémy obsahuje celkem 22 oboustranných, samostatně stojících výstavních panelů: 18 interiérových a 4 exteriérové. Každá panelová deska výstavního panelu obsahující informace o životě a díle malíře Františka Kupky je z jedné strany opatřena česko-francouzskou mutací a z druhé strany anglicko-německou mutací. Na použití výstavního systému se vztahovala autorská práva, která byla časově omezená a jejichž platnost již skončila.\n</p><p>\n</p><p>Případní zájemci o výstavní systém prosím pište na e-mail <a href=\"mailto:lrovenska@kr-kralovehradecky.cz\">lrovenska@kr-kralovehradecky.cz</a> <strong>do 30. 10. 2020.</strong></p>',21,5,'2020-10-14 16:21:44','2020-10-30 23:59:59'),(87,'Oznámení o vyhlášení výběrového řízení na místo: právník/právnička odboru územního a stavebního řádu',NULL,22,6,'2020-10-06 00:00:00','2020-11-13 23:59:59'),(88,'Oznámení o vyhlášení výběrového řízení na místo: odborný/á referent/ka oddělení stavebního řádu, odbor ÚP a SŘ, doba určitá',NULL,22,6,'2020-10-06 00:00:00','2020-11-06 23:59:59'),(89,'Oznámení o vyhlášení výběrového řízení na místo: odborný/á referent/ka oddělení stavebního řádu, odbor ÚP a SŘ',NULL,22,6,'2020-10-06 00:00:00','2020-10-30 23:59:59'),(90,'Oznámení o vyhlášení výběrového řízení na místo: referent/ka oddělení příprav a realizace staveb, odbor investic',NULL,22,6,'2020-10-06 00:00:00','2020-11-18 23:59:59'),(91,'Oznámení o vyhlášení výběrového řízení na místo: referent/ka oddělení regionálního rozvoje',NULL,22,6,'2020-10-08 00:00:00','2020-10-26 23:59:59'),(92,'Nemocnice Náchod přijme klinického logopeda/logopeda v předatestační přípravě do Náchoda','<p><strong>Nemocnice Náchod přijme </strong>\n</p><p>\n</p><p><h2>klinického logopeda/logopeda v předatestační přípravě</h2>\n</p><p>\n</p><p><strong>do Náchoda</strong><ul><li><strong>Pracoviště: </strong>Oblastní nemocnice Náchod a.s.</li><li><strong>Úvazek: </strong>1,0 popř. dle dohody</li><li><strong>Provoz:</strong> jednosměnný</li><li><strong>Datum nástupu: </strong>ihned nebo dle dohody/ zástup za mateřskou a rodičovskou dovolenou</li></ul>\n</p><p>\n</p><p><h3>CO U NÁS BUDETE DĚLAT:</h3>\n</p><p>\n</p><p>Nabízíme práci se širokým spektrem diagnóz dospělého věku (afázie, dysartrie, dysfagie atd.). Jedná se o práci zejména na oddělení neurologie JIP, neurologie, rehabilitace.\n</p><p>\n</p><p><h3>CO NA VÁS ČEKÁ:</h3>\n</p><p>\n</p><p><ul><li>Zázemí druhé největší nemocnice v Královéhradeckém kraji</li><li>Pestrá práce v přátelském týmu</li><li>Možnost osobního i profesního růstu a podpora dalšího vzdělání</li><li>Stabilní platové ohodnocení dle platových tabulek</li><li>5 týdnů dovolené</li><li>Pomoc se zajištěním ubytování</li><li>Příspěvek na stravování a strava v závodní jídelně v areálu nemocnice</li><li>A další zaměstnanecké benefity</li></ul>\n</p><p>\n</p><p><h3>KOHO HLEDÁME?</h3>\n</p><p>\n</p><p><ul><li>Máte atestaci z klinické logopedie nebo jste v přípravě na ni?</li><li>Máte zájem o další vzdělávání v oboru?</li><li>Aktivní přístup k práci a zodpovědnost Vám není cizí?</li><li>Jste schopný/á pracovat samostatně i v týmu?</li><li>Máte chuť učit se nové věci a jste flexibilní?</li></ul>\n</p><p>\n</p><p><h3>CO VYŽADUJEME:</h3>\n</p><p>\n</p><p>Trestní bezúhonnost\n</p><p>\n</p><p><h3>NEVÁHEJTE SE OZVAT A POJĎTE DO TOHO! @</h3>\n</p><p>\n</p><p>V případě zájmu/dotazů kontaktujte:\n</p><p>\n</p><p>Mgr. Holub Lukáš, vedoucí útvaru personálního řízení a mezd,<br />e-mail: <a href=\"mailto:holub.lukas@nemocnicenachod.cz\">holub.lukas@nemocnicenachod.cz</a> , tel.: 737 271 012</p>',23,7,'2020-06-09 14:19:08','2020-12-31 23:59:59'),(93,'Nemocnice Náchod přijme lékaře i absolventa do Endoskopického centra','<p>Nemocnice Náchod přijme</p><h2>lékaře i absolventa do Endoskopického centra v Náchodě</h2><h3>Požadujeme:</h3><ul><li>odbornou způsobilost k výkonu povolání lékaře</li><li>certifikát o základním kmeni výhodou</li><li>specializovaná způsobilost v příslušném oboru výhodou</li><li>trestní bezúhonnost</li></ul><h3>Nabízíme:</h3><ul><li><strong>nástup možný ihned</strong></li><li>pracovní poměr na dobu neurčitou</li><li><strong>akreditované pracoviště II. typu s možností získání veškerých funkčních licencí pro obor gastroenterologie</strong></li><li>zvyšování a prohlubování kvalifikace</li><li>možnost využití nemocniční knihovny</li><li>pomoc se zajištěním ubytování</li><li>poskytujeme příspěvek na ubytování (pro nově přijímané zaměstnance s trvalým bydlištěm mimo Královéhradecký kraj) ve výši 3 500 Kč měsíčně po dobu 24 měsíců</li><li>umožňujeme rychlý odborný růst v rámci naší nemocnice a ve spolupráci se smluvními zařízeními</li><li>dotovaná strava v jídelně v areálu nemocnice</li><li>příspěvek na penzijní a životní pojištění až 7 200 Kč ročně</li><li>úhrada členského příspěvku České lékařské komoře při úvazku 0,5</li><li>nástupní mzda lékaře bez praxe od 35 540 Kč</li><li>nástupní mzda lékaře po základním kmeni od 42 560 Kč</li><li>nástupní mzda lékaře se specializací od 51 560 Kč</li><li>poskytujeme stabilizační odměnu až 60 000 Kč při setrvání v pracovním poměru minimálně 18 měsíců při úvazku 1,0</li><li><strong>veškeré platové podmínky vč. výše stabilizační odměny budou upřesněny při osobním pohovoru</strong></li></ul><p>V případě zájmu a dalších dotazů neváhejte kontaktovat: MUDr. Zdeněk Papík, Ph.D. &ndash; primář<br />\ntel.: 731 834 309; e-mail: <a href=\"mailto:papik.zdenek@nemocnicenachod.cz\">papik.zdenek@nemocnicenachod.cz</a></p>',23,7,'2020-06-10 09:43:49','2020-12-31 23:59:59'),(94,'Oblastní nemocnice Náchod a.s. přijme lékaře/lékařku absolventa na gynekologicko-porodnické oddělení do nemocnice Náchod','<p>Oblastní nemocnice Náchod přijme lékaře/lékařku absolventa na gynekologicko-porodnické oddělení do nemocnice Náchod\n</p><p>\n</p><p><strong>Požadujeme:</strong><ul><li>odbornou způsobilost k výkonu povolání lékaře</li></ul><strong>Nabízíme:</strong><ul><li>poskytujeme <strong>stabilizační odměnu 25 000 Kč </strong>při setrvání v pracovním poměru minimálně 18 měsíců při úvazku 1,0, <strong>80 000 Kč</strong> při setrvání v pracovním poměru minimálně 60 měsíců při úvazku 1,0 (vyplácena po 3M zkušební době jako záloha)</li><li><strong>nástupní mzda pro lékaře bez praxe od 33 540 Kč</strong></li><li>akreditované pracoviště</li><li>rychlý odborný růst v rámci naší nemocnice a ve spolupráci se smluvními zařízeními</li><li>nástup možný ihned</li><li>pracovní poměr na dobu neurčitou</li><li>využití nemocniční knihovny</li><li>zprostředkování ubytování</li><li>příspěvek na ubytování (pro nově přijímané zaměstnance s trvalým bydlištěm mimo Královéhradecký kraj)</li><li>příspěvek na stravování</li><li>příspěvek na penzijní a životní pojištění</li><li>benefitní zaměstnanecká karta s kreditem do výše 2000 Kč ročně</li><li>úhrada členského příspěvku České lékařské komoře při úvazku 1,0</li><li>k dispozici jsou <strong>3 pracovní místa</strong></li></ul><strong>Kontakt:</strong>\n</p><p>\n</p><p>\n</p><p>\n</p><p>Bc. Eva Jará<br />Odborný referent úseku personálního řízení a mezd<br />T: +420 491 601 394<br />M: +420 728 215 931<br />Email: <a href=\"mailto:jara.eva@nemocnicenachod.cz\">jara.eva@nemocnicenachod.cz</a></p>',24,7,'2019-05-07 07:50:42',NULL),(95,'Oblastní nemocnice Náchod a.s. přijme lékaře/lékařku absolventa na oddělení ARO do nemocnice Náchod','<p>Oblastní nemocnice Náchod přijme lékaře/lékařku absolventa na oddělení ARO do nemocnice Náchod\n</p><p>\n</p><p><strong>Požadujeme</strong>:<ul><li>odbornou způsobilost k výkonu povolání lékaře</li></ul><strong>Nabízíme:</strong><ul><li>poskytujeme <strong>stabilizační odměnu 25 000 Kč </strong>při setrvání v pracovním poměru minimálně 18 měsíců při úvazku 1,0, <strong>80 000 Kč </strong>při setrvání v pracovním poměru minimálně 60 měsíců při úvazku 1,0 (vyplácena po 3M zkušební době jako záloha)</li><li>nástup možný ihned</li><li><strong>nástupní mzda pro lékaře bez praxe od 33 540 Kč</strong></li><li>pracovní poměr na dobu neurčitou</li><li>využití nemocniční knihovny</li><li>zprostředkování ubytování</li><li>příspěvek na ubytování (pro nově přijímané zaměstnance s trvalým bydlištěm mimo Královéhradecký kraj)</li><li>rychlý odborný růst v rámci naší nemocnice a ve spolupráci se smluvními zařízeními</li><li>příspěvek na stravování</li><li>příspěvek na penzijní a životní pojištění</li><li>úhrada členského příspěvku České lékařské komoře při úvazku 1,0</li><li>benefitní zaměstnanecká karta s kreditem do výše 2000 Kč ročně</li><li>k dispozici jsou <strong>2 pracovní místa</strong></li></ul><strong>Kontakt:</strong>\n</p><p>\n</p><p>\n</p><p>\n</p><p>Bc. Eva Jará<br />Odborný referent úseku personálního řízení a mezd<br />T: +420 491 601 394<br />M: +420 728 215 931<br />Email: <a href=\"mailto:jara.eva@nemocnicenachod.cz\">jara.eva@nemocnicenachod.cz</a></p>',24,7,'2019-05-07 07:46:58',NULL),(96,'Oblastní charita hledá všeobecné sestry domácí hospicové péče',NULL,25,7,'2020-04-22 00:00:00','2020-12-31 23:59:59'),(97,'Oblastní charita hledá na hlavní pracovní poměr nebo na dohodu o provedení práce všeobecné sestry domácí péče',NULL,25,7,'2020-04-22 00:00:00','2020-12-31 23:59:59'),(98,'Oblastní nemocnice Náchod a.s. přijme lékaře/ku na neurologické oddělení','<p><strong>Požadujeme:</strong><ul><li>odbornou způsobilost k výkonu povolání lékaře</li><li>trestní bezúhonnost</li></ul><strong>Výhodou:</strong><ul><li>certifikát o absolvování základního kmene</li><li>specializovanou způsobilost</li></ul><strong>Nabízíme:</strong><ul><li>smluvní mzdu pro lékaře se specializovanou způsobilostí až 70 000 Kč měsíčně</li><li>poskytujeme stabilizační odměnu až 60 000 Kč při setrvání v pracovním poměru minimálně 18 měsíců při úvazku 1,0</li><li>vhodné i pro absolventy &ndash; nástupní mzda pro lékaře bez praxe od 35 540 Kč</li><li>nástup možný ihned</li><li>pracovní poměr na dobu neurčitou</li><li>využití nemocniční knihovny</li><li>pomoc se zajištěním ubytování</li><li>příspěvek na ubytování (pro nově přijímané zaměstnance s trvalým bydlištěm mimo Královéhradecký kraj) na dobu 24 měsíců ve výši 3 500 Kč měsíčně</li><li>rychlý odborný růst v rámci naší nemocnice a ve spolupráci se smluvními zařízeními</li><li>příspěvek na stravování</li><li>zvýhodněný zaměstnanecký mobilní tarif i pro rodinné příslušníky zaměstnance</li><li>příspěvek na penzijní a životní pojištění</li><li>úhrada členského příspěvku České lékařské komoře při úvazku 0,5</li><li>akreditované zařízení</li></ul><strong>V případě zájmu o bližší informace nás kontaktujte:</strong><br />Bc. Eva Jará, +420 728 215 931, <a href=\"mailto:jara.eva@nemocnicenachod.cz\">jara.eva@nemocnicenachod.cz</a></p>',24,7,'2020-10-06 08:26:02','2021-01-31 23:59:59'),(99,'Oblastní nemocnice Náchod a.s. přijme lékaře specialistu na interní oddělení','<p><strong>Požadujeme:</strong><ul><li>specializovaná způsobilost v příslušném oboru podmínkou</li></ul><strong>Nabízíme:</strong><ul><li>smluvní mzdu pro lékaře se specializovanou způsobilostí minimálně 70 000 Kč měsíčně</li><li>poskytujeme stabilizační odměnu až 60 000 Kč při setrvání v pracovním poměru minimálně 18 měsíců při úvazku 1,0</li><li>nástup možný ihned</li><li>pracovní poměr na dobu neurčitou</li><li>využití nemocniční knihovny</li><li>zprostředkování ubytování</li><li>příspěvek na ubytování (pro nově přijímané zaměstnance s trvalým bydlištěm mimo Královéhradecký kraj)</li><li>rychlý odborný růst v rámci naší nemocnice a ve spolupráci se smluvními zařízeními</li><li>příspěvek na stravování</li><li>příspěvek na penzijní a životní pojištění</li><li>úhrada členského příspěvku České lékařské komoře při úvazku 0,5</li></ul><strong>V případě zájmu o bližší informace nás kontaktujte:</strong>\n</p><p>\n</p><p>Bc. Eva Jará, +420 728 215 931, <a href=\"mailto:jara.eva@nemocnicenachod.cz\">jara.eva@nemocnicenachod.cz</a></p>',24,7,'2020-10-06 08:28:41','2020-12-31 23:59:59'),(100,'Pečovatelská služba Města Dvůr Králové nad Labem vyhlašuje výběrové řízení na pozici: pečovatelka, 2 volná místa',NULL,26,7,'2019-02-26 00:00:00',NULL),(101,'Nemocnice Náchod přijme radiologického asistenta/tku na radiodiagnostické oddělení','<p><h3>Oblastní nemocnice Náchod přijme radiologického asistenta/tku na radiodiagnostické oddělení, pracoviště MR</h3>\n</p><p>\n</p><p><strong>Požadujeme:</strong><ul><li>&bull; vzdělání dle &sect; 8 zákona č. 96/2004 Sb., o nelékařských zdravotnických povoláních</li><li>&bull; požadujeme praxi na magnetické rezonanci nebo minimálně zkušenost v rámci odborné praxe při studiu</li><li>&bull; trestní bezúhonnost</li><li>&bull; zdravotní způsobilost</li></ul><strong>Nabízíme:</strong><ul><li>&bull; pracovní poměr na dobu neurčitou</li><li>&bull; nástupní mzdu od 26 590 Kč (platové podmínky budou upřesněny při osobním jednání)</li><li>&bull; nástup možný ihned</li><li>&bull; možné i pro absolventa</li><li>&bull; zaměstnanecké benefity</li><li>&bull; dotovaná strava v areálu nemocnice</li><li>&bull; pomoc při zajištění ubytování</li><li>&bull; jednosměnný provoz, po zapracování možnost zařazení do služeb</li><li>&bull; stabilizační odměnu 20 000 Kč při setrvání v pracovním poměru 18 měsíců při úvazku 1,0</li><li>&bull; příspěvek na ubytování (trvalé bydliště mimo Královéhradecký kraj)</li></ul>Radiologický asistent provádí radiologické zobrazovací i kvantitativní postupy, léčebné aplikace ionizujícího záření a poskytuje specifickou ošetřovatelskou péči v souvislosti s radiologickými výkony. Zajišťuje radiační ochranu, a ve spolupráci s lékařem se podílí na diagnostické a léčebné péči.\n</p><p>\n</p><p>V případě zájmu kontaktujte:\n</p><p>\n</p><p>Bc. Eva Jará, tel. 728 215 931, e-mail: <a href=\"mailto:jara.eva@nemocnicenachod.cz\">jara.eva@nemocnicenachod.cz</a></p>',24,7,'2020-07-30 10:20:34','2020-12-31 23:59:59'),(102,'Oblastní nemocnice Náchod přijme lékaře/ku pro nově vybudované pracoviště magnetické rezonance radiologického oddělení','<p><h3>Požadujeme:</h3>\n</p><p>\n</p><p><ul><li>- specializovanou způsobilost v oboru</li><li>- praxe a plná erudice v MR diagnostice</li><li>- trestní bezúhonnost</li></ul>\n</p><p>\n</p><p><h3>Nabízíme:</h3>\n</p><p>\n</p><p><ul><li>- nástup možný ihned/ dle dohody</li><li>- pracovní poměr na dobu neurčitou</li><li>- plný / popř. zkrácený pracovní úvazek</li><li>- zaměstnanecké benefity</li><li>- 5 týdnů dovolené</li><li>- vysoce nadstandartní platové ohodnocení</li><li>- stabilizační odměna 60.000, -Kč při úvazku 1,0 a setrvání v pracovním poměru minimálně 18 měsíců</li></ul>\n</p><p>\n</p><p><h3>Co můžete očekávat:</h3>\n</p><p>\n</p><p><ul><li>- práci na moderně vybaveném akreditovaném pracovišti &ndash; v krátkém výhledu ve zcela nově vybudovaném pavilonu v prostředí česko-kladského pomezí</li><li>- plně digitalizovaný RTG provoz; MDCT; MR; 1,5 T; UZV; RTG, mamoscreening</li><li>- teleradiologie</li><li>- profesní růst</li></ul>\n</p><p>\n</p><p><h3>V případě zájmu kontaktujte:</h3>\n</p><p>\n</p><p>MUDr. Marka Strnada, primáře RTG oddělení, e-mail: <a href=\"mailto:strnad.marek@nemocnicenachod.cz\">strnad.marek@nemocnicenachod.cz</a> , tel.: 606 071 925<br />popř. MUDr. Petr Škoda, e-mail: <a href=\"mailto:skoda.petr@nemocnicenachod.cz\">skoda.petr@nemocnicenachod.cz</a></p>',24,7,'2019-10-09 11:14:57',NULL),(103,'Město Jaroměř vyhlašuje VŘ na pozici VEDOUCÍ ODDĚLENÍ sociálněprávní ochrany dětí','<p style=\"text-align: center;\"><strong>Oznámení o vyhlášení výběrového řízení<br />\nměsto Jaroměř vyhlašuje<br />\npodle zákona o č.312/2002 Sb., o úřednících územních samosprávných celků, v platném znění<br />\nvýběrové řízení č. 46/2019<br />\nna obsazení pracovního místa: </strong></p><h2 style=\"text-align: center;\"><br />\nVEDOUCÍ ODDĚLENÍ sociálněprávní ochrany dětí (dále OSPOD) odboru sociálních věcí a zdravotnictví (dále OSVZ),</h2><p style=\"text-align: center;\"><strong>Městského úřadu Jaroměř pro území obce s rozšířenou působností Jaroměř.</strong></p><ul><li>Místo výkonu práce: Jaroměř</li><li>Předpokládaný nástup do zaměstnání: Nástup možný ihned po ukončení výběrového řízení</li><li>Doba trvání pracovního poměru: Plný pracovní úvazek, doba určitá s šestiměsíční zkušební dobou (zástup za RD) &ndash; nejdéle do 10.11.2021</li><li>Platové zařazení: Platová třída č. 10</li></ul><p><font>Písemnou přihlášku je nutné předložit nejpozději do </font><b><font face=\"Arial,Arial\"><font face=\"Arial,Arial\">10.01.2020 </font></font></b><font>(výhradně prostřednictvím držitele poštovní </font><font face=\"Arial,Arial\"><font face=\"Arial,Arial\">licence nebo na podatelnu M</font></font><font>Ú) na adresu: </font><b><font face=\"Arial,Arial\"><font face=\"Arial,Arial\">Městský úřad Jaroměř, k rukám tajem</font></font><font face=\"Arial,Arial\"><font face=\"Arial,Arial\">nice Ing. Michaely </font></font><font face=\"Arial,Arial\"><font face=\"Arial,Arial\">Skovajsové, nám. Československé armády 16, 551 01 Jaroměř</font></font></b><font face=\"Arial,Arial\"><font face=\"Arial,Arial\">. </font></font><b><font face=\"Arial,Arial\"><font face=\"Arial,Arial\">Obálku označte &ldquo;VŘ č. </font></font><font face=\"Arial,Arial\"><font face=\"Arial,Arial\">46/2019 </font></font><font face=\"Arial,Arial\"><font face=\"Arial,Arial\">&ndash; </font></font><font face=\"Arial,Arial\"><font face=\"Arial,Arial\">OSPOD V</font></font><font face=\"Arial,Arial\"><font face=\"Arial,Arial\">edoucí odd. &ndash; neotvírat&ldquo;. </font></font></b></p><p>Více informací najdete v příloze.</p>',27,7,'2019-12-09 16:30:31',NULL),(104,'Oblastní nemocnice Náchod příjme lékaře/ku na dětské oddělení','<h2>Oblastní nemocnice Náchod přijme lékaře/ku na dětské oddělení po základním kmeni ve specializačním vzdělávání lékařů</h2>\n\n\n\n<h3>Požadujeme:</h3>\n\n<ul><li>odbornou způsobilost k výkonu povolání lékaře</li><li>certifikát o absolvování základního kmene</li><li>specializovaná způsobilost v příslušném oboru je výhodou</li><li>trestní bezúhonnost</li></ul>\n\n<h3>Nabízíme:</h3>\n\n<ul><li>smluvní mzdu pro lékaře se specializovanou způsobilostí až 70 000 Kč měsíčně</li><li>poskytujeme stabilizační odměnu pro lékaře s odbornou způsobilostí ve výši 25 000 Kč při úvazku 1,0 a setrvání v pracovním poměru 18 měsíců</li><li>poskytujeme stabilizační odměnu pro lékaře po základním kmeni ve výši 40 000 Kč při úvazku 1,0 a setrvání v pracovním poměru 18 měsíců</li><li>poskytujeme stabilizační odměnu pro lékaře se specializovanou způsobilostí ve výši 60 000 Kč při úvazku 1,0 a setrvání v pracovním poměru 18 měsíců</li><li>nástup možný ihned</li><li>akreditované pracoviště</li><li>pracovní poměr na dobu neurčitou</li><li>příspěvek na ubytování (pro nově přijímané zaměstnance s trvalým bydlištěm mimo Královéhradecký kraj) na 24 měsíců ve výši 3 500 Kč</li><li>příspěvek na penzijní a životní pojištění</li><li>možnost využití nemocniční knihovny</li><li>dotovaná strava v jídelně v areálu nemocnice</li><li>zaměstnanecký mobilní tarif i pro členy rodiny</li><li>úhrada členského příspěvku České lékařské komoře při úvazku 1,0</li><li>nástupní mzda lékaře s odbornou způsobilostí od 35 540 Kč (bližší informace o výši platu při osobním jednání)</li><li>nástupní mzda lékaře po základním kmeni od 42 560 Kč (bližší informace o výši platu při osobním jednání)</li></ul>V případě zájmu o bližší informace nás kontaktujte:<br />Bc. Eva Jará, +420 728 215 931, <a href=\"mailto:jara.eva@nemocnicenachod.cz\">jara.eva@nemocnicenachod.cz</a>',24,7,'2020-04-01 15:26:41','2020-12-31 23:59:59'),(105,'Oblastní nemocnice Náchod přijme všeobecnou/praktickou sestru do LDN v Jaroměři','<p>Oblastní nemocnice Náchod přijme</p><h2>všeobecnou/praktickou sestru do LDN v Jaroměři</h2><h3>Požadujeme:</h3><ul><li>vzdělání dle &sect; 5, &sect; 21b) zák. č. 96/2004 Sb., o nelékařských zdravotnických povoláních</li><li>trestní bezúhonnost</li></ul><h3>Nabízíme:</h3><ul><li>nástup možný ihned</li><li>vhodné i pro absolventy</li><li>nástupní mzda všeobecné sestry od 26 590 Kč</li><li>nástupní mzda praktické sestry od 23 510 Kč</li><li>zaměstnanecké benefity a čtvrtletní odměny</li><li>stabilizační odměna pro všeobecné/praktické sestry 30 000 Kč s podmínkou setrvání v pracovním poměru minimálně 18 měsíců a úvazku 1,0</li><li>pracovní poměr na dobu neurčitou</li><li>pomoc se zajištěním ubytování</li><li>turnusové služby</li><li>místo výkonu práce Jaroměř</li></ul><p><strong>V případě zájmu kontaktujte:</strong> Bc. Eva Jará, +420 728 215 931, <a href=\"mailto:jara.eva@nemocnicenachod.cz\">jara.eva@nemocnicenachod.cz</a></p>',24,7,'2020-04-27 14:11:15','2020-12-31 23:59:59'),(106,'Oblastní nemocnice Náchod příjme lékaře/ku na rehabilitační oddělení','<h2>Oblastní nemocnice Náchod přijme lékaře/ku na rehabilitační oddělení</h2>\n\n\n\n<h3>Požadujeme:</h3>\n\n<ul><li>odbornou způsobilost k výkonu povolání lékaře</li><li>certifikát o absolvování základního kmene</li><li>specializovaná způsobilost v příslušném oboru je výhodou</li><li>trestní bezúhonnost</li></ul>\n\n<h3>Nabízíme:</h3>\n\n<ul><li>smluvní mzdu pro lékaře se specializovanou způsobilostí až 70 000 Kč měsíčně</li><li>poskytujeme stabilizační odměnu pro lékaře s odbornou způsobilostí ve výši 25 000 Kč při úvazku 1,0 a setrvání v pracovním poměru 18 měsíců</li><li>poskytujeme stabilizační odměnu pro lékaře po základním kmeni ve výši 40 000 Kč při úvazku 1,0 a setrvání v pracovním poměru 18 měsíců</li><li>poskytujeme stabilizační odměnu pro lékaře se specializovanou způsobilostí ve výši 60 000 Kč při úvazku 1,0 a setrvání v pracovním poměru 18 měsíců</li><li>nástup možný ihned</li><li>akreditované pracoviště</li><li>pracovní poměr na dobu neurčitou</li><li>příspěvek na ubytování (pro nově přijímané zaměstnance s trvalým bydlištěm mimo Královéhradecký kraj) na 24 měsíců ve výši 3 500 Kč</li><li>příspěvek na penzijní a životní pojištění</li><li>možnost využití nemocniční knihovny</li><li>dotovaná strava v jídelně v areálu nemocnice</li><li>zaměstnanecký mobilní tarif i pro členy rodiny</li><li>úhrada členského příspěvku České lékařské komoře při úvazku 1,0</li><li>nástupní mzda lékaře s odbornou způsobilostí od 35 540 Kč (bližší informace o výši platu při osobním jednání)</li><li>nástupní mzda lékaře po základním kmeni od 42 560 Kč (bližší informace o výši platu při osobním jednání)</li></ul>V případě zájmu o bližší informace nás kontaktujte:<br />Bc. Eva Jará, +420 728 215 931, <a href=\"mailto:jara.eva@nemocnicenachod.cz\">jara.eva@nemocnicenachod.cz</a>',24,7,'2020-04-01 15:20:20','2020-12-31 23:59:59'),(107,'Nemocnice Náchod přijme sanitáře/ku do LDN Jaroměř','<p><h3>Oblastní nemocnice Náchod přijme sanitáře/ku do LDN Jaroměř</h3>\n</p><p>\n</p><p><strong>Požadujeme:</strong><ul><li>trestní bezúhonnost</li><li>spolehlivost</li></ul><strong>Výhodou:</strong><ul><li>vzdělání dle &sect; 42 zákona č. 96/2004 Sb., o nelékařských zdravotnických povolání</li></ul><strong>Nabízíme:</strong><ul><li>nástup možný ihned</li><li>vhodné i pro absolventy</li><li>nástupní mzda bez požadovaného vzdělání od 16 490 Kč</li><li>nástupní mzda se zákonným vzděláním od 17 740 Kč</li><li>zaměstnanecké benefity a čtvrtletní odměny</li><li>podnikové stravování</li><li>zaměstnavatel umožní absolvování sanitářského kurzu, na kterém se finančně podílí</li><li>stabilizační odměna pro sanitáře 10 000 Kč s podmínkou setrvání v pracovním poměru minimálně 18 měsíců a při úvazku 1,0</li><li>turnusové služby</li></ul><strong>Náplň práce:</strong>\n</p><p>\n</p><p>Sanitář provádí pomocné a obslužné činnosti nutné pro poskytování ošetřovatelské péče, preventivní, léčebné a diagnostické péče (např. doprovod pacientů na vyšetření, podávání stravy pacientům, asistence sestrám a lékařům, péče o lůžko a prádlo pacienta, základní ošetření pacientů, manipulace s biologickým materiálem, ...) - pozor, nejedná se o řidiče &quot;sanitního&quot; vozu!\n</p><p>\n</p><p><strong>V případě zájmu kontaktujte:</strong>\n</p><p>\n</p><p>Bc. Eva Jará, +420 728 215 931, <a href=\"mailto:jara.eva@nemocnicenachod.cz\">jara.eva@nemocnicenachod.cz</a></p>',24,7,'2020-07-30 10:23:30','2020-12-31 23:59:59'),(108,'Museum východních Čech v Hradci Králové vyhlašuje výběrové řízení na místo: účetní',NULL,28,7,'2020-10-14 00:00:00','2020-10-29 23:59:59'),(109,'Město Kostelec nad Orlicí vyhlašuje výběrové řízení na místo: referent/ka životního prostředí - myslivost, péče o les, rybářství, ochrana zvířat',NULL,29,7,'2020-10-14 00:00:00','2020-11-12 23:59:59'),(110,'Výběrové řízení na pozici Odborný konzultant pro energetiku',NULL,30,7,'2020-10-02 00:00:00','2020-11-02 23:59:59'),(111,'Město Kostelec nad Orlicí vyhlašuje výběrové řízení na místo: referent/ka přestupkového řízení na úseku dopravy',NULL,29,7,'2020-09-16 00:00:00','2020-10-22 23:59:59'),(112,'Město Jaroměř vyhlašuje VŘ č. 37 na pozici: referent/ka státní správy - oddělení sociálněprávní ochrany dětí (dále OSPOD)','<p><p style=\"text-align: center;\"><strong>Oznámení o vyhlášení výběrového řízení<br />město Jaroměř vyhlašuje<br />podle zákona č. 312/2002 Sb., o úřednících územních samosprávných celků a o změně některých zákonů, v platném znění</strong><p style=\"text-align: center;\"><strong>Výběrové řízení č. 37/2020</strong><h3 style=\"text-align: center;\">na obsazení pracovního místa referent/ka státní správy: oddělení sociálněprávní ochrany dětí (dále OSPOD) odboru sociálních věcí a zdravotnictví (dále OSVZ) Městského úřadu Jaroměř, pro území obce s rozšířenou působností Jaroměř.</h3>\n</p><p>\n</p><p><ul><li>Místo výkonu práce: Jaroměř</li><li>Předpokládaný nástup do zaměstnání: Nástup možný ihned po VŘ</li><li>Doba trvání pracovního poměru: Plný pracovní úvazek, doba určitá (nejdéle do 31.12.2023) s tříměsíční zkušební dobou</li><li>Platové zařazení: Platová třída č. 11 (22980 &ndash; 33790 Kč) určující pro platový stupeň je délka započitatelné praxe dle ustanovení &sect; 124 odst. 4 zákoníku práce a míry jejího zápočtu podle ustanovení &sect; 4 nařízení vlády č. 341/2017 Sb.</li></ul><font>Písemnou přihlášku je nutné předložit nejpozději do </font><b><font face=\"Arial,Arial\"><font face=\"Arial,Arial\">19.10.2020 </font></font></b><font>(výhradně prostřednictvím držitele poštovní licence </font><font face=\"Arial,Arial\"><font face=\"Arial,Arial\">nebo na podatelnu M</font></font><font>Ú) na adresu: </font><b><font face=\"Arial,Arial\"><font face=\"Arial,Arial\">Městský úřad Jaroměř, k rukám tajemnice Ing. Michaely Skovajsové, nám. Československé armády 16, 551 01 Jaroměř</font></font></b><font face=\"Arial,Arial\"><font face=\"Arial,Arial\">. </font></font><b><font face=\"Arial,Arial\"><font face=\"Arial,Arial\">Obálku označte &ldquo;Výběrové řízení č. 37</font></font><font face=\"Arial,Arial\"><font face=\"Arial,Arial\">/2020 - OSPOD </font></font><font face=\"Arial,Arial\"><font face=\"Arial,Arial\">&ndash; neotvírat&ldquo;. </font></font></b>\n</p><p>\n</p><p><font face=\"Arial,Arial\"><font face=\"Arial,Arial\">Více informací najdete v příloze.</font></font></p>',27,7,'2020-10-02 14:00:40',NULL),(113,'Rada města Lázně Bělohrad vyhlašuje konkursní řízení na obsazení vedoucího pracovního místa: ředitel/ředitelka Bělohradské mateřské školy','<p>Rada města Lázně Bělohrad v souladu s ustanovením &sect; 102 odst. 2 písm. b) zákona č. 128/2000 Sb., o obcích (obecní zřízení), s ustanovením &sect; 166 odst. 2 zákona č. 561/2004 Sb., o předškolním, základním, středním, vyšším odborném a jiném vzdělávání (školský zákon) a ustanovením &sect; 3 vyhlášky č. 54/2005 Sb., o náležitostech konkursního řízení a konkursních komisích, vše v platném znění, vyhlašuje<p style=\"text-align: center;\"><strong>konkursní řízeni</strong><p style=\"text-align: center;\"><strong>NA OBSAZENÍ VEDOUCÍHO PRACOVNÍHO MÍSTA ŘEDITEL/ŘEDITELKA BĚLOHRADSKÉ MATEŘSKÉ ŠKOLY,<br />Horní Nová Ves 112, 507 81 Lázně Bělohrad, IČ: 71011544</strong>,\n</p><p>\n</p><p><strong>Předpoklady pro výkon činnosti ředitele/ředitelky:</strong><ul><li>odborná kvalifikace a praxe dle zákona č. 563/2004 Sb., o pedagogických pracovnících a o změně některých zákonů, ve znění pozdějších předpisů (dále jen &bdquo;zákon&ldquo;),</li><li>znalost problematiky řízení ve školství a školských předpisů,</li><li>způsobilost k právním úkonům,</li><li>bezúhonnost,</li><li>zdravotní způsobilost.</li></ul><strong>Uchazeči předloží písemnou přihlášku, která musí obsahovat tyto náležitosti:</strong><ul><li>přesné označení výběrového řízení,</li><li>jméno, příjmení a titul uchazeče,</li><li>datum a místo narození uchazeče,</li><li>státní příslušnost uchazeče,</li><li>místo trvalého pobytu uchazeče, příp. adresu pro doručování,</li><li>číslo občanského průkazu nebo dokladu o povolení k pobytu, jde-li o cizího státního občana,</li><li>kontaktní údaje,</li><li>datum a podpis uchazeče.</li></ul><strong>Výčet dokladů, které zájemce přiloží k přihlášce:</strong><ul><li>úředně ověřené kopie dokladů o nejvyšším dosaženém vzdělání, tj. vysokoškolský diplom včetně vysvědčení o státní závěrečné zkoušce nebo dodatku k diplomu, případně jiný doklad o úspěšném ukončení studia dokládající získání odborné kvalifikace,</li><li>prokázání znalosti českého jazyka fyzickou osobou, která získala příslušnou odbornou kvalifikaci v jiném vyučovacím jazyce než českém,</li><li>čestné prohlášení o průběhu zaměstnání s vyznačením počátku a konce pracovněprávního vztahu a pracovního zařazení v jednotlivých organizacích s přesností na dny doložené potvrzením o zaměstnání nebo potvrzením od zaměstnavatele,</li><li>strukturovaný životopis,</li><li>vlastní koncepce rozvoje školy v rozsahu maximálně 2 normostran,</li><li>výpis z evidence Rejstříku trestů (ne starší 3 měsíců),</li><li>čestné prohlášení o plné způsobilosti k právním úkonům,</li><li>lékařské potvrzení o zdravotní způsobilosti pro výkon činnosti pedagogického pracovníka (ne starší 2 měsíců),</li><li>podepsané prohlášení uchazeče v následujícím znění: Poskytnutím svých osobních údajů v rozsahu podkladů pro přihlášku do výběrového řízení dávám, ve smyslu zákona č. 110/2019 Sb., souhlas k jejich zpracování a uchování.</li></ul><strong>Platové zařazení:</strong> dle nařízení vlády č. 341/2017 Sb., o platových poměrech zaměstnanců ve veřejných službách a správě, a nařízení vlády č. 222/2010 Sb., o katalogu prací ve veřejných službách a správě, vše v platném znění, <strong>11. platová třída;</strong> odměna za plnění mimořádných pracovních úkolů\n</p><p>\n</p><p><strong>Druh pracovního poměru:</strong> na dobu neurčitou, s 6 měsíční zkušební dobou\n</p><p>\n</p><p><strong>Předpokládaný termín nástupu do zaměstnání:</strong> ihned, případně po dohodě s vybraným uchazečem\n</p><p>\n</p><p><strong>Lhůta pro podání přihlášky:</strong> <strong>do 11. listopadu 2020 do 17:00 hod.</strong> (v této lhůtě musí být přihláška doručena na podatelnu Městského úřadu Lázně Bělohrad)\n</p><p>\n</p><p><strong>Způsob doručení přihlášky</strong>: písemně prostřednictvím provozovatele poštovních služeb nebo osobním podáním na adresu zřizovatele mateřské školy - Město Lázně Bělohrad, k rukám starosty, náměstí K. V. Raise 35, 507 81 Lázně Bělohrad\n</p><p>\n</p><p><strong>Obálku označte textem: &bdquo;NEOTVÍRAT - KONKURS ředitel/ředitelka MŠ&ldquo;.</strong>\n</p><p>\n</p><p>Vyhlašovatel si vyhrazuje právo prodloužit lhůtu pro podání přihlášky nebo toto konkursní řízení zrušit kdykoli v jeho průběhu, popř. nevybrat žádného uchazeče, a to bez udání důvodu.\n</p><p>\n</p><p>Osobní doklady budou neúspěšným uchazečům vráceny ihned po ukončení konkursního řízení. Uchazeč nemá právo na úhradu nákladů, které mu v souvislosti s účastí v konkursním řízení vzniknou.\n</p><p>\n</p><p>Bližší informace o pracovním místě podá ing. Pavel Šubr, starosta, tel.: 493 792 092, 603 295 339, e-mail: subr@lazne-belohrad.cz.\n</p><p>\n</p><p>V Lázních Bělohradě dne 12. října 2020\n</p><p>\n</p><p>MĚSTO LÁZNĚ BĚLOHRAD\n</p><p>\n</p><p>Ing. Pavel Šubr starosta</p>',31,7,'2020-10-13 15:16:42','2020-11-11 23:59:59'),(114,'Město Kostelec nad Orlicí vyhlašuje výběrové řízení na místo: referent/ka úřadu územního plánování',NULL,29,7,'2020-10-14 00:00:00','2020-11-12 23:59:59'),(115,'Město Kostelec nad Orlicí vyhlašuje výběrové řízení na místo: referent/ka obecného stavebního úřadu',NULL,29,7,'2020-10-14 00:00:00','2020-11-12 23:59:59'),(116,'CIRI Hradec Králové obsazuje pracovní pozici: manažer/manažerka Průmyslových zón v Královéhradeckém kraji',NULL,32,7,'2020-10-16 00:00:00','2020-11-16 23:59:59');
/*!40000 ALTER TABLE `message` ENABLE KEYS */;
UNLOCK TABLES;

--
-- Table structure for table `source`
--

DROP TABLE IF EXISTS `source`;
/*!40101 SET @saved_cs_client     = @@character_set_client */;
/*!40101 SET character_set_client = utf8 */;
CREATE TABLE `source` (
  `id` int(11) NOT NULL AUTO_INCREMENT,
  `name` varchar(255) DEFAULT NULL,
  PRIMARY KEY (`id`),
  UNIQUE KEY `id` (`id`)
) ENGINE=InnoDB AUTO_INCREMENT=33 DEFAULT CHARSET=utf8;
/*!40101 SET character_set_client = @saved_cs_client */;

--
-- Dumping data for table `source`
--

LOCK TABLES `source` WRITE;
/*!40000 ALTER TABLE `source` DISABLE KEYS */;
INSERT INTO `source` VALUES (1,'Odbor organizační a právní'),(2,'admin admin'),(3,'Odbor zdravotnictví'),(4,'Odbor životního prostředí a zemědělství'),(5,'Odbor vnitra a krajský živnostenský úřad'),(6,'Lenka Zdražilová'),(7,'Oddělení vnitřní správy'),(8,'Miroslav Pejšek'),(9,'Úřad pro civilní letectví'),(10,'Odbor dopravy a silničního hospodářství'),(11,'Odbor správní a krajský živnostenský úřad'),(12,'Úrad pro civilní letectví'),(13,'Jana Freyvaldová2'),(14,'Odbor investic'),(15,'Odbor územního plánování a stavebního řádu'),(16,'Odbor regionálního rozvoje, grantů a dotací'),(17,'Odbor kancelář hejtmana'),(18,'Odbor sociálních věcí'),(19,'Pedagogicko-psychologická poradna a Speciálně pedagogické centrum'),(20,'Školní jídelna Hradec Králové'),(21,'odd. regionálního rozvoje'),(22,'Odbor kancelář ředitele'),(23,'Nemocnice Náchod'),(24,'Oblastní nemocnice Náchod'),(25,'Oblastní charita Hradec Králové'),(26,'Město Dvůr Králové nad Labem'),(27,'Město Jaroměř'),(28,'Museum východních Čech'),(29,'Město Kostelec nad Orlicí'),(30,'Centrum investic, rozvoje a inovací'),(31,'Rada města Lázně Bělohrad'),(32,'CIRI HK');
/*!40000 ALTER TABLE `source` ENABLE KEYS */;
UNLOCK TABLES;

--
-- Dumping routines for database 'hackathon_hk_2020'
--
/*!40103 SET TIME_ZONE=@OLD_TIME_ZONE */;

/*!40101 SET SQL_MODE=@OLD_SQL_MODE */;
/*!40014 SET FOREIGN_KEY_CHECKS=@OLD_FOREIGN_KEY_CHECKS */;
/*!40014 SET UNIQUE_CHECKS=@OLD_UNIQUE_CHECKS */;
/*!40101 SET CHARACTER_SET_CLIENT=@OLD_CHARACTER_SET_CLIENT */;
/*!40101 SET CHARACTER_SET_RESULTS=@OLD_CHARACTER_SET_RESULTS */;
/*!40101 SET COLLATION_CONNECTION=@OLD_COLLATION_CONNECTION */;
/*!40111 SET SQL_NOTES=@OLD_SQL_NOTES */;

-- Dump completed on 2020-10-21 17:48:06
