-- MySQL dump 10.13  Distrib 5.5.62, for Win64 (AMD64)
--
-- Host: localhost    Database: hackathon_hk_2020
-- ------------------------------------------------------
-- Server version	5.5.5-10.4.11-MariaDB

/*!40101 SET @OLD_CHARACTER_SET_CLIENT=@@CHARACTER_SET_CLIENT */;
/*!40101 SET @OLD_CHARACTER_SET_RESULTS=@@CHARACTER_SET_RESULTS */;
/*!40101 SET @OLD_COLLATION_CONNECTION=@@COLLATION_CONNECTION */;
/*!40101 SET NAMES utf8 */;
/*!40103 SET @OLD_TIME_ZONE=@@TIME_ZONE */;
/*!40103 SET TIME_ZONE='+00:00' */;
/*!40014 SET @OLD_UNIQUE_CHECKS=@@UNIQUE_CHECKS, UNIQUE_CHECKS=0 */;
/*!40014 SET @OLD_FOREIGN_KEY_CHECKS=@@FOREIGN_KEY_CHECKS, FOREIGN_KEY_CHECKS=0 */;
/*!40101 SET @OLD_SQL_MODE=@@SQL_MODE, SQL_MODE='NO_AUTO_VALUE_ON_ZERO' */;
/*!40111 SET @OLD_SQL_NOTES=@@SQL_NOTES, SQL_NOTES=0 */;

--
-- Table structure for table `category`
--

DROP TABLE IF EXISTS `category`;
/*!40101 SET @saved_cs_client     = @@character_set_client */;
/*!40101 SET character_set_client = utf8 */;
CREATE TABLE `category` (
  `id` int(11) NOT NULL AUTO_INCREMENT,
  `name` varchar(255) DEFAULT NULL,
  PRIMARY KEY (`id`),
  UNIQUE KEY `id` (`id`)
) ENGINE=InnoDB AUTO_INCREMENT=8 DEFAULT CHARSET=utf8;
/*!40101 SET character_set_client = @saved_cs_client */;

--
-- Dumping data for table `category`
--

LOCK TABLES `category` WRITE;
/*!40000 ALTER TABLE `category` DISABLE KEYS */;
INSERT INTO `category` VALUES (1,'Majetkoprávní'),(2,'Zdravotnictví'),(3,'Životní prostředí'),(4,'Ostatní'),(5,'Nabídka nepotřebného majetku pro PO'),(6,'Volná místa KÚ'),(7,'Ostatní volná místa');
/*!40000 ALTER TABLE `category` ENABLE KEYS */;
UNLOCK TABLES;

--
-- Table structure for table `domain`
--

DROP TABLE IF EXISTS `domain`;
/*!40101 SET @saved_cs_client     = @@character_set_client */;
/*!40101 SET character_set_client = utf8 */;
CREATE TABLE `domain` (
  `id` int(11) NOT NULL AUTO_INCREMENT,
  `name` varchar(255) DEFAULT NULL,
  PRIMARY KEY (`id`),
  UNIQUE KEY `id` (`id`)
) ENGINE=InnoDB AUTO_INCREMENT=8 DEFAULT CHARSET=utf8;
/*!40101 SET character_set_client = @saved_cs_client */;

--
-- Dumping data for table `domain`
--

LOCK TABLES `domain` WRITE;
/*!40000 ALTER TABLE `domain` DISABLE KEYS */;
INSERT INTO `domain` VALUES (1,'Majetkoprávní'),(2,'Zdravotnictví'),(3,'Životní prostředí'),(4,'Ostatní'),(5,'Nabídka nepotřebného majetku pro PO'),(6,'Volná místa KÚ'),(7,'Ostatní volná místa');
/*!40000 ALTER TABLE `domain` ENABLE KEYS */;
UNLOCK TABLES;

--
-- Table structure for table `message`
--

DROP TABLE IF EXISTS `message`;
/*!40101 SET @saved_cs_client     = @@character_set_client */;
/*!40101 SET character_set_client = utf8 */;
CREATE TABLE `message` (
  `id` int(11) NOT NULL AUTO_INCREMENT,
  `title` varchar(255) DEFAULT NULL,
  `attachment_url` varchar(255) DEFAULT NULL,
  `attachment_filename` varchar(255) DEFAULT NULL,
  `source_id` int(11) DEFAULT NULL,
  `category_id` int(11) DEFAULT NULL,
  `published_datetime` datetime DEFAULT NULL,
  `expired_datetime` datetime DEFAULT NULL,
  PRIMARY KEY (`id`),
  UNIQUE KEY `id` (`id`)
) ENGINE=InnoDB AUTO_INCREMENT=117 DEFAULT CHARSET=utf8;
/*!40101 SET character_set_client = @saved_cs_client */;

--
-- Dumping data for table `message`
--

LOCK TABLES `message` WRITE;
/*!40000 ALTER TABLE `message` DISABLE KEYS */;
INSERT INTO `message` VALUES (1,'Záměr č. 27/2020 - prodej nemovitých věcí Královéhradeckého kraje','http://www.kr-kralovehradecky.cz/assets/krajsky-urad/uredni-deska/majetek/Zamer-27.pdf','Zamer-27.pdf',1,1,'2020-03-31 00:00:00',NULL),(2,'Záměr č. 35/2020 - prodat nemovitost v k.ú. Nový Bydžov','http://www.kr-kralovehradecky.cz/assets/krajsky-urad/uredni-deska/majetek/zamer-c--35_3.pdf','zamer-c--35_3.pdf',1,1,'2020-05-25 00:00:00',NULL),(3,'Záměr č. 63/2020 - prodat nemovitosti v k.ú. Nové Město nad Metují','http://www.kr-kralovehradecky.cz/assets/krajsky-urad/uredni-deska/majetek/zamer--63.pdf','zamer--63.pdf',1,1,'2020-07-27 00:00:00',NULL),(4,'Záměr č. 78/2020 - směnit nemovitosti v k.ú. Kvasiny','http://www.kr-kralovehradecky.cz/assets/krajsky-urad/uredni-deska/majetek/zamer-c--78_2.pdf','zamer-c--78_2.pdf',1,1,'2020-08-12 00:00:00',NULL),(5,'Záměr č. 77/2020 - směnit nemovitosti v k.ú. Kvasiny','http://www.kr-kralovehradecky.cz/assets/krajsky-urad/uredni-deska/majetek/zamer-c--77_2.pdf','zamer-c--77_2.pdf',1,1,'2020-08-12 00:00:00',NULL),(6,'Záměr č. 76/2020 - darovat nemovitosti v k.ú. Krčín a v k.ú. Spy','http://www.kr-kralovehradecky.cz/assets/krajsky-urad/uredni-deska/majetek/zamer-c--76_3.pdf','zamer-c--76_3.pdf',1,1,'2020-08-12 00:00:00',NULL),(7,'Záměr č. 75/2020 - směnit a prodat nemovitosti v k.ú. Opočno pod Orlickými horami','http://www.kr-kralovehradecky.cz/assets/krajsky-urad/uredni-deska/majetek/zamer-c--75_2.pdf','zamer-c--75_2.pdf',1,1,'2020-08-12 00:00:00',NULL),(8,'Záměr č. 84/2020 - darovat pozemek v k.ú. Nemyčeves','http://www.kr-kralovehradecky.cz/assets/krajsky-urad/uredni-deska/majetek/Zamer-c--84.pdf','Zamer-c--84.pdf',1,1,'2020-10-06 00:00:00',NULL),(9,'Záměr č. 85/2020 - směnit pozemek v k.ú. Potštejn','http://www.kr-kralovehradecky.cz/assets/krajsky-urad/uredni-deska/majetek/zamer-c--85_1.pdf','zamer-c--85_1.pdf',1,1,'2020-10-06 00:00:00',NULL),(10,'Záměr č. 62/2020 - prodat nemovitosti v k.ú. Červený Kostelec','http://www.kr-kralovehradecky.cz/assets/krajsky-urad/uredni-deska/majetek/zamer-62_3.pdf','zamer-62_3.pdf',1,1,'2020-07-27 00:00:00',NULL),(11,'Záměr č. 81/2019 - prodat nebo pronajmout nemovitosti v k.ú. Skřivany','http://www.kr-kralovehradecky.cz/assets/krajsky-urad/uredni-deska/majetek/zamer-c--81_1.pdf','zamer-c--81_1.pdf',1,1,'2019-11-15 00:00:00',NULL),(12,'Záměr č. 40/2020 - záměr snížit nájemné společnosti Pultar a partneři a prominout nájemné spol. Centrum pro integraci osob se zdrav. postižením KHK','http://www.kr-kralovehradecky.cz/assets/krajsky-urad/uredni-deska/majetek/zamer-c--40_3.pdf','zamer-c--40_3.pdf',1,1,'2020-06-17 00:00:00',NULL),(13,'Záměr č. 79/2020 - darovat nemovitosti v k.ú. Kvasiny','http://www.kr-kralovehradecky.cz/assets/krajsky-urad/uredni-deska/majetek/zamer-79_2.pdf','zamer-79_2.pdf',1,1,'2020-09-11 00:00:00',NULL),(14,'Záměr č. 80/2020 - darovat nemovitosti v k.ú Záhornice','http://www.kr-kralovehradecky.cz/assets/krajsky-urad/uredni-deska/majetek/zamer-80_1.pdf','zamer-80_1.pdf',1,1,'2020-09-11 00:00:00',NULL),(15,'Záměr č. 82/2020 - pronajmout nemovitosti v k.ú. Hronov','http://www.kr-kralovehradecky.cz/assets/krajsky-urad/uredni-deska/majetek/zamer-c--82_3.pdf','zamer-c--82_3.pdf',1,1,'2020-09-21 00:00:00',NULL),(16,'Záměr č. 83/2020 - darovat pozemek v k.ú. Hořice v Podkrkonoší','http://www.kr-kralovehradecky.cz/assets/krajsky-urad/uredni-deska/majetek/zamer-c--83_1.pdf','zamer-c--83_1.pdf',1,1,'2020-10-08 00:00:00',NULL),(17,'Záměr č. 86/2020 - pronajmout nemovitosti v k.ú. Plotiště nad Labem','http://www.kr-kralovehradecky.cz/assets/krajsky-urad/uredni-deska/majetek/zamer-c--86.pdf','zamer-c--86.pdf',1,1,'2020-10-08 00:00:00',NULL),(18,'Odkaz - výsledky výběrových řízení',NULL,NULL,2,2,'2009-06-19 10:09:20',NULL),(19,'Odkaz - oznámení o vyhlášených výběrových řízení',NULL,NULL,2,2,'2009-06-19 10:12:38',NULL),(20,'Oznámení o vyhlášení výběrového řízení před uzavřením smlouvy o poskytování a úhradě hrazených služeb v oboru: zubní lékařství TU','http://www.kr-kralovehradecky.cz/assets/krajsky-urad/uredni-deska/zdravotnictvi/vyhlasena-rizeni/zubni-lekarstvi.pdf','zubni-lekarstvi.pdf',3,2,'2020-10-19 00:00:00','2020-12-03 23:59:59'),(21,'Oznámení o vyhlášení výběrového řízení před uzavřením smlouvy o poskytování a úhradě hrazených služeb v oboru: praktické lékařství pro děti a dorost','http://www.kr-kralovehradecky.cz/assets/krajsky-urad/uredni-deska/zdravotnictvi/vyhlasena-rizeni/VR---PLDD-HK---Nechanice.pdf','VR---PLDD-HK---Nechanice.pdf',3,2,'2020-10-05 00:00:00','2020-11-20 23:59:59'),(22,'Oznámení o vyhlášení výběrového řízení před uzavřením smlouvy o poskytování a úhradě hrazených služeb v oboru: praktické lékařství pro děti a dorost','http://www.kr-kralovehradecky.cz/assets/krajsky-urad/uredni-deska/zdravotnictvi/vyhlasena-rizeni/VR---vseobecne-prakticke-lekarstvi.pdf','VR---vseobecne-prakticke-lekarstvi.pdf',3,2,'2020-10-12 00:00:00','2020-10-29 23:59:59'),(23,'Oznámení o vyhlášení výběrového řízení před uzavřením smlouvy o poskytování a úhradě hrazených služeb v oboru: klinický logoped NA','http://www.kr-kralovehradecky.cz/assets/krajsky-urad/uredni-deska/zdravotnictvi/vyhlasena-rizeni/klinicky-logoped.pdf','klinicky-logoped.pdf',3,2,'2020-10-19 00:00:00','2020-12-03 23:59:59'),(24,'Oznámení o vyhlášení výběrového řízení před uzavřením smlouvy o poskytování a úhradě hrazených služeb v oboru: gynekologie a porodnictví, NA','http://www.kr-kralovehradecky.cz/assets/krajsky-urad/uredni-deska/zdravotnictvi/vyhlasena-rizeni/VR---gynekologie-a-porodnictvi-NA.pdf','VR---gynekologie-a-porodnictvi-NA.pdf',3,2,'2020-09-22 00:00:00','2020-11-06 23:59:59'),(25,'Oznámení o vyhlášení výběrového řízení před uzavřením smlouvy o poskytování a úhradě hrazených služeb v oboru: všeobecné praktické lékařství, JC','http://www.kr-kralovehradecky.cz/assets/krajsky-urad/uredni-deska/zdravotnictvi/vyhlasena-rizeni/VR---vseobecne-prakticke-lekarstvi--JC.pdf','VR---vseobecne-prakticke-lekarstvi--JC.pdf',3,2,'2020-09-22 00:00:00','2020-11-06 23:59:59'),(26,'Oznámení o vyhlášení výběrového řízení před uzavřením smlouvy o poskytování a úhradě hrazených služeb v oboru: všeobecné praktické lékařství, JC','http://www.kr-kralovehradecky.cz/assets/krajsky-urad/uredni-deska/zdravotnictvi/vyhlasena-rizeni/VR----vseobecne-prakticke-lekarstvi-JC-2021.pdf','VR----vseobecne-prakticke-lekarstvi-JC-2021.pdf',3,2,'2020-09-22 00:00:00','2020-11-06 23:59:59'),(27,'Oznámení o vyhlášení výběrového řízení před uzavřením smlouvy o poskytování a úhradě hrazených služeb v oboru: kardiologie, HK','http://www.kr-kralovehradecky.cz/assets/krajsky-urad/uredni-deska/zdravotnictvi/vyhlasena-rizeni/VR---kardiologie.pdf','VR---kardiologie.pdf',3,2,'2020-09-22 00:00:00','2020-11-06 23:59:59'),(28,'Oznámení o vyhlášení výběrového řízení před uzavřením smlouvy o poskytování a úhradě hrazených služeb v oboru: chirurgie, RK','http://www.kr-kralovehradecky.cz/assets/krajsky-urad/uredni-deska/zdravotnictvi/vyhlasena-rizeni/VR---chirurgie-RK.pdf','VR---chirurgie-RK.pdf',3,2,'2020-09-22 00:00:00','2020-11-06 23:59:59'),(29,'Výsledky výběrového řízení ze dne 26.2.2020','http://www.kr-kralovehradecky.cz/assets/krajsky-urad/uredni-deska/zdravotnictvi/vysledky/vysledky-VR_1.pdf','vysledky-VR_1.pdf',3,2,'2020-03-10 00:00:00','2021-03-10 23:59:59'),(30,'Výsledky výběrového řízení ze dne 14.5.2020','http://www.kr-kralovehradecky.cz/assets/krajsky-urad/uredni-deska/zdravotnictvi/vysledky/vysledky-VR_2.pdf','vysledky-VR_2.pdf',3,2,'2020-05-25 00:00:00','2021-05-25 23:59:59'),(31,'Výsledky výběrového řízení ze dne 2.10.2019','http://www.kr-kralovehradecky.cz/assets/krajsky-urad/uredni-deska/zdravotnictvi/vysledky/Vysledky-vyberoveho-rizeni.pdf','Vysledky-vyberoveho-rizeni.pdf',3,2,'2019-10-23 00:00:00','2020-10-23 23:59:59'),(32,'Výsledky výběrového řízení ze dne 11.11.2019','http://www.kr-kralovehradecky.cz/assets/krajsky-urad/uredni-deska/zdravotnictvi/vysledky/vysledky-VR.pdf','vysledky-VR.pdf',3,2,'2019-11-25 00:00:00','2020-11-25 23:59:59'),(33,'Výsledky výběrového řízení ze dne 11.12.2019','http://www.kr-kralovehradecky.cz/assets/krajsky-urad/uredni-deska/zdravotnictvi/vysledky/Vysledky-VR_8.pdf','Vysledky-VR_8.pdf',3,2,'2019-12-17 00:00:00','2020-12-17 23:59:59'),(34,'Výsledky výběrového řízení ze dne 17.06.2020','http://www.kr-kralovehradecky.cz/assets/krajsky-urad/uredni-deska/zdravotnictvi/vysledky/Vysledky-VR.pdf','Vysledky-VR.pdf',3,2,'2020-07-07 00:00:00','2021-07-07 23:59:59'),(35,'Výsledky výběrového řízení ze dne 1.7.2020','http://www.kr-kralovehradecky.cz/assets/krajsky-urad/uredni-deska/zdravotnictvi/vysledky/Vysledky-VR_2.pdf','Vysledky-VR_2.pdf',3,2,'2020-07-15 00:00:00','2021-07-15 23:59:59'),(36,'Výsledky výběrového řízení ze dne 16.9.2020','http://www.kr-kralovehradecky.cz/assets/krajsky-urad/uredni-deska/zdravotnictvi/vysledky/Vysledky-VR_3.pdf','Vysledky-VR_3.pdf',3,2,'2020-10-05 00:00:00','2021-10-05 23:59:59'),(37,'Závěr zjišťovacího řízení k záměru I/36 Holice - Čestice, změna části trasy kolem Borohrádku','http://www.kr-kralovehradecky.cz/assets/krajsky-urad/uredni-deska/zivotni-prostredi/zaver-zjistovaciho-zarizeni---Holice---Cestice.pdf','zaver-zjistovaciho-zarizeni---Holice---Cestice.pdf',4,3,'2020-10-06 00:00:00','2020-10-22 23:59:59'),(38,'Veřejná vyhláška - rozhodnutí - záměr Biometanová stanice Králíky III','http://www.kr-kralovehradecky.cz/assets/krajsky-urad/uredni-deska/zivotni-prostredi/Rozhodnuti---zamer-Biometanova-stanice-Kraliky.pdf','Rozhodnuti---zamer-Biometanova-stanice-Kraliky.pdf',4,3,'2020-10-12 00:00:00','2020-10-29 23:59:59'),(39,'Veřejná vyhláška - návrh opatření obecné povahy - vodní tok Bělá, k.ú. Jedlová v O.h.','http://www.kr-kralovehradecky.cz/assets/krajsky-urad/uredni-deska/zivotni-prostredi/navrh-opatreni-obecne-povahy---vodnik-tok-Bela.pdf','navrh-opatreni-obecne-povahy---vodnik-tok-Bela.pdf',4,3,'2020-10-06 00:00:00','2020-10-22 23:59:59'),(40,'Informace o oznámení záměru_Komerční zóna Hradubická II, Obchodní centrum III. a IV.','http://www.kr-kralovehradecky.cz/assets/krajsky-urad/uredni-deska/zivotni-prostredi/Komercni-zona.pdf','Komercni-zona.pdf',4,3,'2020-10-19 00:00:00','2020-11-04 23:59:59'),(41,'Zveřejnění informace o změně integrovaného povolení pro zařízení Teplárna Náchod','http://www.kr-kralovehradecky.cz/assets/krajsky-urad/uredni-deska/zivotni-prostredi/Priloha-1_2.pdf','Priloha-1_2.pdf',4,3,'2020-09-21 00:00:00','2020-10-22 23:59:59'),(42,'Zveřejnění informace o vydání změny integrovaného povolení - Zařízení intenzivního chovu drůbeže Svinišťany','http://www.kr-kralovehradecky.cz/assets/krajsky-urad/uredni-deska/zivotni-prostredi/zmena-IP---chov-drubeze-Svinistany.pdf','zmena-IP---chov-drubeze-Svinistany.pdf',4,3,'2020-10-09 00:00:00','2020-11-09 23:59:59'),(43,'Zveřejnění informace o vydání změny integrovaného povolení - Zařízení k odstraňování tekutých odpadů Hradec Králové - Třebeš','http://www.kr-kralovehradecky.cz/assets/krajsky-urad/uredni-deska/zivotni-prostredi/zmena-IP---Hradec-Kralove---Trebes.pdf','zmena-IP---Hradec-Kralove---Trebes.pdf',4,3,'2020-10-09 00:00:00','2020-11-09 23:59:59'),(44,'Informace o oznámení záměru Shopping park Nová Zelená a veřejný park Kukleny','http://www.kr-kralovehradecky.cz/assets/krajsky-urad/uredni-deska/zivotni-prostredi/Informace----verejny-park-Kukleny.pdf','Informace----verejny-park-Kukleny.pdf',4,3,'2020-10-13 00:00:00','2020-10-29 23:59:59'),(45,'Zveřejnění informace o vydání změny integrovaného povolení - Zařízení intenzivního chovu prasat Vršce','http://www.kr-kralovehradecky.cz/assets/krajsky-urad/uredni-deska/zivotni-prostredi/Informace---zmena-IP---chov-prasat-Vrsce.pdf','Informace---zmena-IP---chov-prasat-Vrsce.pdf',4,3,'2020-10-14 00:00:00','2020-11-16 23:59:59'),(46,'Veřejná vyhláška - rozhodnutí o žádosti Univerzity Hradec Králové','http://www.kr-kralovehradecky.cz/assets/krajsky-urad/uredni-deska/zivotni-prostredi/rozhodnuti.pdf','rozhodnuti.pdf',4,3,'2020-10-16 00:00:00','2020-11-02 23:59:59'),(47,'Informace pro občany týkající se podávání stížností proti postupu poskytovatelů při poskytování zdravotních služeb','http://www.kr-kralovehradecky.cz/assets/krajsky-urad/uredni-deska/ostatni/stiznosti---uredni-deska.doc','stiznosti---uredni-deska.doc',5,4,'2012-04-02 00:00:00',NULL),(48,'Informace ke stahování přípravku NOVOMIX pro pacienty','http://www.kr-kralovehradecky.cz/assets/krajsky-urad/zdravotnictvi/informace-lekarnam/rychla-vystraha/Informacni-dopis-pacientum-str--1.pdf','Informacni-dopis-pacientum-str--1.pdf',6,4,'2013-10-31 13:15:05',NULL),(49,'Energetická politika Královéhradeckého kraje','http://www.kr-kralovehradecky.cz/assets/rozvoj-kraje/energetika/podepsana_energeticka_politika.pdf','podepsana_energeticka_politika.pdf',NULL,4,'2018-11-12 11:07:39',NULL),(50,'Zápis o výsledku voleb do zastupitelstva kraje','http://www.kr-kralovehradecky.cz/assets/krajsky-urad/uredni-deska/ostatni/Zapis-o-vysledku-voleb-do-Zastupitelstva-Kralovehradeckeho-kraje-2016.pdf','Zapis-o-vysledku-voleb-do-Zastupitelstva-Kralovehradeckeho-kraje-2016.pdf',7,4,'2016-10-09 07:46:04',NULL),(51,'Nařízení státní veterinární správy - mimořádná veterinární opatření - aviární influenza','http://www.kr-kralovehradecky.cz/assets/krajsky-urad/uredni-deska/ostatni/Narizenistatni-veterinarni-spravy--mimoradna-veterinarni-opatreni.pdf','Narizenistatni-veterinarni-spravy--mimoradna-veterinarni-opatreni.pdf',8,4,'2017-02-23 15:27:45',NULL),(52,'Opravné rozhodnutí Úřadu pro civilní letectví','http://www.kr-kralovehradecky.cz/assets/krajsky-urad/uredni-deska/ostatni/Opravne-rozhodnuti.pdf','Opravne-rozhodnuti.pdf',9,4,'2020-10-20 00:00:00','2020-11-05 23:59:59'),(53,'Veřejná vyhláška - přechodná úprava provozu na silnici I/11 v Chlumci nad Cidlinou','http://www.kr-kralovehradecky.cz/assets/krajsky-urad/uredni-deska/ostatni/prechodna-uprava-provozu-v-Chlumci-nad-Cidlinou.pdf','prechodna-uprava-provozu-v-Chlumci-nad-Cidlinou.pdf',10,4,'2020-10-07 00:00:00','2020-10-23 23:59:59'),(54,'Rozhodnutí o registraci kandidátních listin politických stran, politických hnutí a jejich koalic pro volby do Zastupitelstva Královéhradeckého kraje','http://www.kr-kralovehradecky.cz/assets/krajsky-urad/uredni-deska/ostatni/Rozhodnuti-o-registraci---ROZUMNI.pdf','Rozhodnuti-o-registraci---ROZUMNI.pdf',11,4,'2020-08-14 00:00:00',NULL),(55,'Rozhodnutí o odmítnutí kandidátní listiny politické strany Moravská a Slezská pirátská strana','http://www.kr-kralovehradecky.cz/assets/krajsky-urad/uredni-deska/ostatni/Rozhodnuti-o-odmitnuti---Moravska-a-Slezska-piratska-strana.pdf','Rozhodnuti-o-odmitnuti---Moravska-a-Slezska-piratska-strana.pdf',11,4,'2020-08-14 00:00:00',NULL),(56,'Veřejná vyhláška - opatření obecné povahy - Ochranné pásmo heliportu HEMS Hradec Králové','http://www.kr-kralovehradecky.cz/assets/krajsky-urad/uredni-deska/ostatni/Verejna-vyhlaska.pdf','Verejna-vyhlaska.pdf',12,4,'2020-10-15 00:00:00','2020-11-02 23:59:59'),(57,'Veřejná vyhláška - přechodná úprava provozu na silnici I/35 při obci Hořice','http://www.kr-kralovehradecky.cz/assets/krajsky-urad/uredni-deska/zivotni-prostredi/prechodna-uprava-provozu---Horice.pdf','prechodna-uprava-provozu---Horice.pdf',10,4,'2020-10-13 00:00:00','2020-10-29 23:59:59'),(58,'Veřejná vyhláška - sdělení o možnosti vyjádřit se k podkladům pro rozhodnutí','http://www.kr-kralovehradecky.cz/assets/krajsky-urad/uredni-deska/ostatni/Sdeleni.pdf','Sdeleni.pdf',13,4,'2020-10-12 00:00:00','2020-10-29 23:59:59'),(59,'Veřejná vyhláška - rozhodnutí o žádosti Mgr. Michala Gerži, Sedloňov','http://www.kr-kralovehradecky.cz/assets/krajsky-urad/uredni-deska/zivotni-prostredi/Rozhodnuti---povoleni-vyjimky.pdf','Rozhodnuti---povoleni-vyjimky.pdf',4,4,'2020-10-12 00:00:00','2020-10-29 23:59:59'),(60,'Oznámení 1. zasedání Zastupitelstva Královéhradeckého kraje','http://www.kr-kralovehradecky.cz/assets/krajsky-urad/uredni-deska/ostatni/Oznameni-Zastupitelstva.pdf','Oznameni-Zastupitelstva.pdf',1,4,'2020-10-20 00:00:00','2020-11-02 23:59:59'),(61,'Územní energetická koncepce Královéhradeckého kraje','http://www.kr-kralovehradecky.cz/assets/krajsky-urad/uredni-deska/ostatni/UEK-KHK-2019.pdf','UEK-KHK-2019.pdf',14,4,'2019-09-11 00:00:00',NULL),(62,'Stanovení lhůty a způsobu pro předkládání jízdních řádů ke schválení','http://www.kr-kralovehradecky.cz/assets/krajsky-urad/uredni-deska/ostatni/Jizdni-rady.pdf','Jizdni-rady.pdf',10,4,'2019-12-18 00:00:00','2020-12-14 23:59:59'),(63,'Veřejná vyhláška - aktualizace č. 3 Zásad územního rozvoje Královéhradeckého kraje','http://www.kr-kralovehradecky.cz/assets/krajsky-urad/uredni-deska/ostatni/Verejna-vyhlaska---Zasady-KHK.pdf','Verejna-vyhlaska---Zasady-KHK.pdf',15,4,'2020-10-20 00:00:00','2020-11-05 23:59:59'),(64,'Zveřejnění informací o provozu podatelny a o podmínkách přijímání dokumentů Krajského úřadu KHK','http://www.kr-kralovehradecky.cz/assets/krajsky-urad/uredni-deska/ostatni/informace---provoz-podatelny.pdf','informace---provoz-podatelny.pdf',11,4,'2020-02-27 00:00:00',NULL),(65,'Oznámení o počtu volených členů Zastupitelstva Královéhradeckého kraje ve volbách do zastupitelstev krajů 2020','http://www.kr-kralovehradecky.cz/assets/krajsky-urad/uredni-deska/ostatni/Volby_2.pdf','Volby_2.pdf',11,4,'2020-04-08 00:00:00',NULL),(66,'Dotační program Královéhradeckého kraje - Snížení emisí z lokálního vytápění domácností v Královéhradeckém kraji III','http://www.kr-kralovehradecky.cz/assets/krajsky-urad/uredni-deska/ostatni/Dotacni-program-KHK---kotlikove-dotace.pdf','Dotacni-program-KHK---kotlikove-dotace.pdf',16,4,'2020-07-01 00:00:00','2023-12-29 23:59:59'),(67,'Veřejná vyhláška - oznámení o zahájení stavebního řízení - stavba I/16 Trutnov OK a přechody pro chodce','http://www.kr-kralovehradecky.cz/assets/krajsky-urad/uredni-deska/ostatni/zahajeni-uzemniho-rizeni---Trutnov.pdf','zahajeni-uzemniho-rizeni---Trutnov.pdf',15,4,'2020-10-06 00:00:00','2020-10-22 23:59:59'),(68,'Veřejná vyhláška - přechodná úprava provozu na silnicích I/37 v k.ú. Bojiště u Trutnova','http://www.kr-kralovehradecky.cz/assets/krajsky-urad/uredni-deska/ostatni/prechodna-uprava-provozu-v-obci-Trutnov.pdf','prechodna-uprava-provozu-v-obci-Trutnov.pdf',10,4,'2020-10-15 00:00:00','2020-11-02 23:59:59'),(69,'Usnesení - Vláda České republiky vyhlašuje nouzový stav','http://www.kr-kralovehradecky.cz/assets/krajsky-urad/uredni-deska/ostatni/Nouzovy-stav.pdf','Nouzovy-stav.pdf',17,4,'2020-10-02 00:00:00','2020-11-04 23:59:59'),(70,'Veřejná vyhláška - rozhodnutí o odvolání p. Havlíka ve věci stavby I/35 Ostroměř','http://www.kr-kralovehradecky.cz/assets/krajsky-urad/uredni-deska/ostatni/Rozhodnuti---odvolani-Havlik.pdf','Rozhodnuti---odvolani-Havlik.pdf',10,4,'2020-10-06 00:00:00','2020-10-22 23:59:59'),(71,'Zápis o výsledku voleb do Zastupitelstva Královéhradeckého kraje','http://www.kr-kralovehradecky.cz/assets/krajsky-urad/uredni-deska/ostatni/Kralovehradecky2020.pdf','Kralovehradecky2020.pdf',11,4,'2020-10-03 00:00:00',NULL),(72,'Veřejná vyhláška - přechodná úprava provozu na silnici I/33 při obci Česká Skalice','http://www.kr-kralovehradecky.cz/assets/krajsky-urad/uredni-deska/zivotni-prostredi/prechodna-uprava-provozu---Ceska-Skalice.pdf','prechodna-uprava-provozu---Ceska-Skalice.pdf',10,4,'2020-10-13 00:00:00','2020-10-29 23:59:59'),(73,'Výsledky druhého kola dotačního programu pro podporu činností, které navazují, kooperují nebo rozšiřují sociálni služby,','http://www.kr-kralovehradecky.cz/assets/krajsky-urad/uredni-deska/ostatni/Vysledky-2-kola-dotacniho-programu.pdf','Vysledky-2-kola-dotacniho-programu.pdf',18,4,'2020-09-15 00:00:00','2020-12-15 23:59:59'),(74,'Vyhlášení dotačního programu z rozpočtu Královéhradeckého kraje pro rok 2021, z dotace poskytnuté Královéhradeckému kraji ze státního rozpočtu 2021,','http://www.kr-kralovehradecky.cz/assets/krajsky-urad/uredni-deska/ostatni/Vyhlaseni-dotacniho-programu.pdf','Vyhlaseni-dotacniho-programu.pdf',18,4,'2020-09-15 00:00:00','2020-12-15 23:59:59'),(75,'Vyhlášení dotačního programu z rozpočtu Královéhradeckého kraje pro rok 2021, k poskytnutí dotace na podporu hospicové péče v Královéhradeckém kraji','http://www.kr-kralovehradecky.cz/assets/krajsky-urad/uredni-deska/ostatni/Vyhlaseni-dotacniho-programu_1.pdf','Vyhlaseni-dotacniho-programu_1.pdf',18,4,'2020-09-15 00:00:00','2020-12-15 23:59:59'),(76,'Výzva k jednání ve věci uzavření smluv o horizontální spolupráci - dodatek č. 1','http://www.kr-kralovehradecky.cz/assets/krajsky-urad/uredni-deska/ostatni/Vyzva-k-jednani.pdf','Vyzva-k-jednani.pdf',18,4,'2020-10-20 00:00:00','2020-12-21 23:59:59'),(77,'Veřejná vyhláška - přechodná úprava provozu na silnici I/37 mezi obcemi Hořenice - Heřmanice','http://www.kr-kralovehradecky.cz/assets/krajsky-urad/uredni-deska/ostatni/prechodna-uprava-provozu---Horenice---Hermanice.pdf','prechodna-uprava-provozu---Horenice---Hermanice.pdf',10,4,'2020-10-07 00:00:00','2020-10-23 23:59:59'),(78,'Veřejná vyhláška - přechodná úprava provozu na silnici I/33 při obci Lochenice','http://www.kr-kralovehradecky.cz/assets/krajsky-urad/uredni-deska/ostatni/prechodna-uprava-provozu---Lochenice.pdf','prechodna-uprava-provozu---Lochenice.pdf',10,4,'2020-10-07 00:00:00','2020-10-23 23:59:59'),(79,'Veřejná vyhláška - přechodná úprava provozu na silnici I/33 při obci Lochenice','http://www.kr-kralovehradecky.cz/assets/krajsky-urad/uredni-deska/ostatni/Priloha-1_1.pdf','Priloha-1_1.pdf',10,4,'2020-10-08 00:00:00','2020-10-26 23:59:59'),(80,'Veřejná vyhláška - přechodná úprava provozu na silnici I/16 v obci Chotěvice','http://www.kr-kralovehradecky.cz/assets/krajsky-urad/uredni-deska/ostatni/prechodna-uprava-provozu-v-obci-Chotevice.pdf','prechodna-uprava-provozu-v-obci-Chotevice.pdf',10,4,'2020-10-13 00:00:00','2020-10-29 23:59:59'),(81,'Veřejná vyhláška - místní úprava provozu na silnici I/11 při a v obci Hradec Králové','http://www.kr-kralovehradecky.cz/assets/krajsky-urad/uredni-deska/ostatni/mistni-uprava-provozu-na-silnici-v-HK.pdf','mistni-uprava-provozu-na-silnici-v-HK.pdf',10,4,'2020-10-14 00:00:00','2020-10-30 23:59:59'),(82,'Veřejná vyhláška - místní úprava provozu na silnici I/33 při obci Černožice','http://www.kr-kralovehradecky.cz/assets/krajsky-urad/uredni-deska/ostatni/mistni-uprava-provozu-Cernozice.pdf','mistni-uprava-provozu-Cernozice.pdf',10,4,'2020-10-14 00:00:00','2020-10-30 23:59:59'),(83,'Hejtman Královéhradeckého kraje určuje tyto školy a školská zařízení na území KHK,','http://www.kr-kralovehradecky.cz/assets/krajsky-urad/uredni-deska/ostatni/Hejtman---urceni-skol.pdf','Hejtman---urceni-skol.pdf',17,4,'2020-10-16 00:00:00',NULL),(84,'Nabídka nábytku','http://www.kr-kralovehradecky.cz/assets/krajsky-urad/uredni-deska/nepotrebny-majetek-PO/kartoteka.jpg','kartoteka.jpg',19,5,'2020-09-21 08:55:12',NULL),(85,'Nabídka židlí','http://www.kr-kralovehradecky.cz/assets/krajsky-urad/uredni-deska/nepotrebny-majetek-PO/Zidle.jpg','Zidle.jpg',20,5,'2020-06-12 11:51:06',NULL),(86,'Nabídka výstavního systému Kupka','http://www.kr-kralovehradecky.cz/assets/krajsky-urad/uredni-deska/nepotrebny-majetek-PO/1_6.jpg','1_6.jpg',21,5,'2020-10-14 16:21:44','2020-10-30 23:59:59'),(87,'Oznámení o vyhlášení výběrového řízení na místo: právník/právnička odboru územního a stavebního řádu','http://www.kr-kralovehradecky.cz/assets/krajsky-urad/uredni-deska/volna-mista/VR---pravnik-UP.pdf','VR---pravnik-UP.pdf',22,6,'2020-10-06 00:00:00','2020-11-13 23:59:59'),(88,'Oznámení o vyhlášení výběrového řízení na místo: odborný/á referent/ka oddělení stavebního řádu, odbor ÚP a SŘ, doba určitá','http://www.kr-kralovehradecky.cz/assets/krajsky-urad/uredni-deska/volna-mista/VR---referent-odd--SR-35.pdf','VR---referent-odd--SR-35.pdf',22,6,'2020-10-06 00:00:00','2020-11-06 23:59:59'),(89,'Oznámení o vyhlášení výběrového řízení na místo: odborný/á referent/ka oddělení stavebního řádu, odbor ÚP a SŘ','http://www.kr-kralovehradecky.cz/assets/krajsky-urad/uredni-deska/volna-mista/VR---odborny-referent-SR.pdf','VR---odborny-referent-SR.pdf',22,6,'2020-10-06 00:00:00','2020-10-30 23:59:59'),(90,'Oznámení o vyhlášení výběrového řízení na místo: referent/ka oddělení příprav a realizace staveb, odbor investic','http://www.kr-kralovehradecky.cz/assets/krajsky-urad/uredni-deska/volna-mista/VR--referent-odboru-investic.pdf','VR--referent-odboru-investic.pdf',22,6,'2020-10-06 00:00:00','2020-11-18 23:59:59'),(91,'Oznámení o vyhlášení výběrového řízení na místo: referent/ka oddělení regionálního rozvoje','http://www.kr-kralovehradecky.cz/assets/krajsky-urad/uredni-deska/volna-mista/vyberove-rizeni---referent-oddeleni-RR.pdf','vyberove-rizeni---referent-oddeleni-RR.pdf',22,6,'2020-10-08 00:00:00','2020-10-26 23:59:59'),(92,'Nemocnice Náchod přijme klinického logopeda/logopeda v předatestační přípravě do Náchoda',NULL,NULL,23,7,'2020-06-09 14:19:08','2020-12-31 23:59:59'),(93,'Nemocnice Náchod přijme lékaře i absolventa do Endoskopického centra',NULL,NULL,23,7,'2020-06-10 09:43:49','2020-12-31 23:59:59'),(94,'Oblastní nemocnice Náchod a.s. přijme lékaře/lékařku absolventa na gynekologicko-porodnické oddělení do nemocnice Náchod',NULL,NULL,24,7,'2019-05-07 07:50:42',NULL),(95,'Oblastní nemocnice Náchod a.s. přijme lékaře/lékařku absolventa na oddělení ARO do nemocnice Náchod',NULL,NULL,24,7,'2019-05-07 07:46:58',NULL),(96,'Oblastní charita hledá všeobecné sestry domácí hospicové péče','http://www.kr-kralovehradecky.cz/assets/krajsky-urad/uredni-deska/volna-mista-ostatni/Vseobecne-sestry-domaci-hospicove-pece.pdf','Vseobecne-sestry-domaci-hospicove-pece.pdf',25,7,'2020-04-22 00:00:00','2020-12-31 23:59:59'),(97,'Oblastní charita hledá na hlavní pracovní poměr nebo na dohodu o provedení práce všeobecné sestry domácí péče','http://www.kr-kralovehradecky.cz/assets/krajsky-urad/uredni-deska/volna-mista-ostatni/Vseobecne-sestry-domaci-pece.pdf','Vseobecne-sestry-domaci-pece.pdf',25,7,'2020-04-22 00:00:00','2020-12-31 23:59:59'),(98,'Oblastní nemocnice Náchod a.s. přijme lékaře/ku na neurologické oddělení',NULL,NULL,24,7,'2020-10-06 08:26:02','2021-01-31 23:59:59'),(99,'Oblastní nemocnice Náchod a.s. přijme lékaře specialistu na interní oddělení',NULL,NULL,24,7,'2020-10-06 08:28:41','2020-12-31 23:59:59'),(100,'Pečovatelská služba Města Dvůr Králové nad Labem vyhlašuje výběrové řízení na pozici: pečovatelka, 2 volná místa','http://www.kr-kralovehradecky.cz/assets/krajsky-urad/uredni-deska/volna-mista-ostatni/VR-pecovatelka---PS-mesta-DKnL.pdf','VR-pecovatelka---PS-mesta-DKnL.pdf',26,7,'2019-02-26 00:00:00',NULL),(101,'Nemocnice Náchod přijme radiologického asistenta/tku na radiodiagnostické oddělení','http://www.kr-kralovehradecky.cz/assets/krajsky-urad/uredni-deska/volna-mista-ostatni/radiologicky-asistent-MR.docx','radiologicky-asistent-MR.docx',24,7,'2020-07-30 10:20:34','2020-12-31 23:59:59'),(102,'Oblastní nemocnice Náchod přijme lékaře/ku pro nově vybudované pracoviště magnetické rezonance radiologického oddělení','http://www.kr-kralovehradecky.cz/assets/krajsky-urad/uredni-deska/volna-mista-ostatni/lekar-L3-RDG.docx','lekar-L3-RDG.docx',24,7,'2019-10-09 11:14:57',NULL),(103,'Město Jaroměř vyhlašuje VŘ na pozici VEDOUCÍ ODDĚLENÍ sociálněprávní ochrany dětí','http://www.kr-kralovehradecky.cz/assets/krajsky-urad/uredni-deska/volna-mista-ostatni/VR-ved-OSPOD_001_001.pdf','VR-ved-OSPOD_001_001.pdf',27,7,'2019-12-09 16:30:31',NULL),(104,'Oblastní nemocnice Náchod příjme lékaře/ku na dětské oddělení','http://www.kr-kralovehradecky.cz/assets/krajsky-urad/uredni-deska/volna-mista-ostatni/lekar-pediatrie.docx','lekar-pediatrie.docx',24,7,'2020-04-01 15:26:41','2020-12-31 23:59:59'),(105,'Oblastní nemocnice Náchod přijme všeobecnou/praktickou sestru do LDN v Jaroměři',NULL,NULL,24,7,'2020-04-27 14:11:15','2020-12-31 23:59:59'),(106,'Oblastní nemocnice Náchod příjme lékaře/ku na rehabilitační oddělení','http://www.kr-kralovehradecky.cz/assets/krajsky-urad/uredni-deska/volna-mista-ostatni/lekar-rehabilitace.docx','lekar-rehabilitace.docx',24,7,'2020-04-01 15:20:20','2020-12-31 23:59:59'),(107,'Nemocnice Náchod přijme sanitáře/ku do LDN Jaroměř','http://www.kr-kralovehradecky.cz/assets/krajsky-urad/uredni-deska/volna-mista-ostatni/sanitar-LDN-Jaromer.docx','sanitar-LDN-Jaromer.docx',24,7,'2020-07-30 10:23:30','2020-12-31 23:59:59'),(108,'Museum východních Čech v Hradci Králové vyhlašuje výběrové řízení na místo: účetní','http://www.kr-kralovehradecky.cz/assets/krajsky-urad/uredni-deska/volna-mista-ostatni/ucetni-II.doc','ucetni-II.doc',28,7,'2020-10-14 00:00:00','2020-10-29 23:59:59'),(109,'Město Kostelec nad Orlicí vyhlašuje výběrové řízení na místo: referent/ka životního prostředí - myslivost, péče o les, rybářství, ochrana zvířat','http://www.kr-kralovehradecky.cz/assets/krajsky-urad/uredni-deska/volna-mista-ostatni/VR---myslivost_1.pdf','VR---myslivost_1.pdf',29,7,'2020-10-14 00:00:00','2020-11-12 23:59:59'),(110,'Výběrové řízení na pozici Odborný konzultant pro energetiku','http://www.kr-kralovehradecky.cz/assets/krajsky-urad/uredni-deska/volna-mista-ostatni/VZ-konzultant-pro-energetiku.pdf','VZ-konzultant-pro-energetiku.pdf',30,7,'2020-10-02 00:00:00','2020-11-02 23:59:59'),(111,'Město Kostelec nad Orlicí vyhlašuje výběrové řízení na místo: referent/ka přestupkového řízení na úseku dopravy','http://www.kr-kralovehradecky.cz/assets/krajsky-urad/uredni-deska/volna-mista-ostatni/vyberove-rizeni_1.pdf','vyberove-rizeni_1.pdf',29,7,'2020-09-16 00:00:00','2020-10-22 23:59:59'),(112,'Město Jaroměř vyhlašuje VŘ č. 37 na pozici: referent/ka státní správy - oddělení sociálněprávní ochrany dětí (dále OSPOD)','http://www.kr-kralovehradecky.cz/assets/krajsky-urad/uredni-deska/volna-mista-ostatni/VR-c--37-2020-OSPOD.pdf','VR-c--37-2020-OSPOD.pdf',27,7,'2020-10-02 14:00:40',NULL),(113,'Rada města Lázně Bělohrad vyhlašuje konkursní řízení na obsazení vedoucího pracovního místa: ředitel/ředitelka Bělohradské mateřské školy','http://www.kr-kralovehradecky.cz/assets/krajsky-urad/uredni-deska/volna-mista-ostatni/20201012134103.pdf','20201012134103.pdf',31,7,'2020-10-13 15:16:42','2020-11-11 23:59:59'),(114,'Město Kostelec nad Orlicí vyhlašuje výběrové řízení na místo: referent/ka úřadu územního plánování','http://www.kr-kralovehradecky.cz/assets/krajsky-urad/uredni-deska/volna-mista-ostatni/VR---ZP---zastup.pdf','VR---ZP---zastup.pdf',29,7,'2020-10-14 00:00:00','2020-11-12 23:59:59'),(115,'Město Kostelec nad Orlicí vyhlašuje výběrové řízení na místo: referent/ka obecného stavebního úřadu','http://www.kr-kralovehradecky.cz/assets/krajsky-urad/uredni-deska/volna-mista-ostatni/VR---referent-stav--uradu---ZP_1.pdf','VR---referent-stav--uradu---ZP_1.pdf',29,7,'2020-10-14 00:00:00','2020-11-12 23:59:59'),(116,'CIRI Hradec Králové obsazuje pracovní pozici: manažer/manažerka Průmyslových zón v Královéhradeckém kraji','http://www.kr-kralovehradecky.cz/assets/krajsky-urad/uredni-deska/volna-mista-ostatni/VZ-manazer-PZ.pdf','VZ-manazer-PZ.pdf',32,7,'2020-10-16 00:00:00','2020-11-16 23:59:59');
/*!40000 ALTER TABLE `message` ENABLE KEYS */;
UNLOCK TABLES;

--
-- Table structure for table `source`
--

DROP TABLE IF EXISTS `source`;
/*!40101 SET @saved_cs_client     = @@character_set_client */;
/*!40101 SET character_set_client = utf8 */;
CREATE TABLE `source` (
  `id` int(11) NOT NULL AUTO_INCREMENT,
  `name` varchar(255) DEFAULT NULL,
  PRIMARY KEY (`id`),
  UNIQUE KEY `id` (`id`)
) ENGINE=InnoDB AUTO_INCREMENT=33 DEFAULT CHARSET=utf8;
/*!40101 SET character_set_client = @saved_cs_client */;

--
-- Dumping data for table `source`
--

LOCK TABLES `source` WRITE;
/*!40000 ALTER TABLE `source` DISABLE KEYS */;
INSERT INTO `source` VALUES (1,'Odbor organizační a právní'),(2,'admin admin'),(3,'Odbor zdravotnictví'),(4,'Odbor životního prostředí a zemědělství'),(5,'Odbor vnitra a krajský živnostenský úřad'),(6,'Lenka Zdražilová'),(7,'Oddělení vnitřní správy'),(8,'Miroslav Pejšek'),(9,'Úřad pro civilní letectví'),(10,'Odbor dopravy a silničního hospodářství'),(11,'Odbor správní a krajský živnostenský úřad'),(12,'Úrad pro civilní letectví'),(13,'Jana Freyvaldová2'),(14,'Odbor investic'),(15,'Odbor územního plánování a stavebního řádu'),(16,'Odbor regionálního rozvoje, grantů a dotací'),(17,'Odbor kancelář hejtmana'),(18,'Odbor sociálních věcí'),(19,'Pedagogicko-psychologická poradna a Speciálně pedagogické centrum'),(20,'Školní jídelna Hradec Králové'),(21,'odd. regionálního rozvoje'),(22,'Odbor kancelář ředitele'),(23,'Nemocnice Náchod'),(24,'Oblastní nemocnice Náchod'),(25,'Oblastní charita Hradec Králové'),(26,'Město Dvůr Králové nad Labem'),(27,'Město Jaroměř'),(28,'Museum východních Čech'),(29,'Město Kostelec nad Orlicí'),(30,'Centrum investic, rozvoje a inovací'),(31,'Rada města Lázně Bělohrad'),(32,'CIRI HK');
/*!40000 ALTER TABLE `source` ENABLE KEYS */;
UNLOCK TABLES;

--
-- Dumping routines for database 'hackathon_hk_2020'
--
/*!40103 SET TIME_ZONE=@OLD_TIME_ZONE */;

/*!40101 SET SQL_MODE=@OLD_SQL_MODE */;
/*!40014 SET FOREIGN_KEY_CHECKS=@OLD_FOREIGN_KEY_CHECKS */;
/*!40014 SET UNIQUE_CHECKS=@OLD_UNIQUE_CHECKS */;
/*!40101 SET CHARACTER_SET_CLIENT=@OLD_CHARACTER_SET_CLIENT */;
/*!40101 SET CHARACTER_SET_RESULTS=@OLD_CHARACTER_SET_RESULTS */;
/*!40101 SET COLLATION_CONNECTION=@OLD_COLLATION_CONNECTION */;
/*!40111 SET SQL_NOTES=@OLD_SQL_NOTES */;

-- Dump completed on 2020-10-21 16:58:48
